model,scale,parameter,parameter_value,method,expected_dataset_family,actual_dataset,actual_dataset_family,status
baseline,medium_large,edge_density,7446,ACO,parameter_sensitivity,N2500_PS_edge_density_baseline_7446_I1.dat,parameter_sensitivity,PASS
baseline,medium_large,edge_density,7446,GA,parameter_sensitivity,N2500_PS_edge_density_baseline_7446_I1.dat,parameter_sensitivity,PASS
baseline,medium_large,edge_density,7446,Heuristic,parameter_sensitivity,N2500_PS_edge_density_baseline_7446_I1.dat,parameter_sensitivity,PASS
baseline,medium_large,edge_density,7446,PSO,parameter_sensitivity,N2500_PS_edge_density_baseline_7446_I1.dat,parameter_sensitivity,PASS
baseline,medium_large,edge_density,8278,ACO,parameter_sensitivity,N2500_PS_edge_density_dense_8278_I1.dat,parameter_sensitivity,PASS
baseline,medium_large,edge_density,8278,GA,parameter_sensitivity,N2500_PS_edge_density_dense_8278_I1.dat,parameter_sensitivity,PASS
baseline,medium_large,edge_density,8278,Heuristic,parameter_sensitivity,N2500_PS_edge_density_dense_8278_I1.dat,parameter_sensitivity,PASS
baseline,medium_large,edge_density,8278,PSO,parameter_sensitivity,N2500_PS_edge_density_dense_8278_I1.dat,parameter_sensitivity,PASS
baseline,medium_large,edge_density,9110,ACO,parameter_sensitivity,N2500_PS_edge_density_denser_9110_I1.dat,parameter_sensitivity,PASS
baseline,medium_large,edge_density,9110,GA,parameter_sensitivity,N2500_PS_edge_density_denser_9110_I1.dat,parameter_sensitivity,PASS
baseline,medium_large,edge_density,9110,Heuristic,parameter_sensitivity,N2500_PS_edge_density_denser_9110_I1.dat,parameter_sensitivity,PASS
baseline,medium_large,edge_density,9110,PSO,parameter_sensitivity,N2500_PS_edge_density_denser_9110_I1.dat,parameter_sensitivity,PASS
baseline,medium_large,edge_density,9942,ACO,parameter_sensitivity,N2500_PS_edge_density_densest_9942_I1.dat,parameter_sensitivity,PASS
baseline,medium_large,edge_density,9942,GA,parameter_sensitivity,N2500_PS_edge_density_densest_9942_I1.dat,parameter_sensitivity,PASS
baseline,medium_large,edge_density,9942,Heuristic,parameter_sensitivity,N2500_PS_edge_density_densest_9942_I1.dat,parameter_sensitivity,PASS
baseline,medium_large,edge_density,9942,PSO,parameter_sensitivity,N2500_PS_edge_density_densest_9942_I1.dat,parameter_sensitivity,PASS
baseline,medium_large,maximum_walking_distance,0.25,ACO,parameter_sensitivity,N2500_PS_walking_distance_W025_I1.dat,parameter_sensitivity,PASS
baseline,medium_large,maximum_walking_distance,0.25,GA,parameter_sensitivity,N2500_PS_walking_distance_W025_I1.dat,parameter_sensitivity,PASS
baseline,medium_large,maximum_walking_distance,0.25,Heuristic,parameter_sensitivity,N2500_PS_walking_distance_W025_I1.dat,parameter_sensitivity,PASS
baseline,medium_large,maximum_walking_distance,0.25,PSO,parameter_sensitivity,N2500_PS_walking_distance_W025_I1.dat,parameter_sensitivity,PASS
baseline,medium_large,maximum_walking_distance,0.50,ACO,parameter_sensitivity,N2500_PS_walking_distance_W050_I1.dat,parameter_sensitivity,PASS
baseline,medium_large,maximum_walking_distance,0.50,GA,parameter_sensitivity,N2500_PS_walking_distance_W050_I1.dat,parameter_sensitivity,PASS
baseline,medium_large,maximum_walking_distance,0.50,Heuristic,parameter_sensitivity,N2500_PS_walking_distance_W050_I1.dat,parameter_sensitivity,PASS
baseline,medium_large,maximum_walking_distance,0.50,PSO,parameter_sensitivity,N2500_PS_walking_distance_W050_I1.dat,parameter_sensitivity,PASS
baseline,medium_large,maximum_walking_distance,0.75,ACO,parameter_sensitivity,N2500_PS_walking_distance_W075_I1.dat,parameter_sensitivity,PASS
baseline,medium_large,maximum_walking_distance,0.75,GA,parameter_sensitivity,N2500_PS_walking_distance_W075_I1.dat,parameter_sensitivity,PASS
baseline,medium_large,maximum_walking_distance,0.75,Heuristic,parameter_sensitivity,N2500_PS_walking_distance_W075_I1.dat,parameter_sensitivity,PASS
baseline,medium_large,maximum_walking_distance,0.75,PSO,parameter_sensitivity,N2500_PS_walking_distance_W075_I1.dat,parameter_sensitivity,PASS
baseline,medium_large,maximum_walking_distance,1.00,ACO,parameter_sensitivity,N2500_PS_walking_distance_W100_I1.dat,parameter_sensitivity,PASS
baseline,medium_large,maximum_walking_distance,1.00,GA,parameter_sensitivity,N2500_PS_walking_distance_W100_I1.dat,parameter_sensitivity,PASS
baseline,medium_large,maximum_walking_distance,1.00,Heuristic,parameter_sensitivity,N2500_PS_walking_distance_W100_I1.dat,parameter_sensitivity,PASS
baseline,medium_large,maximum_walking_distance,1.00,PSO,parameter_sensitivity,N2500_PS_walking_distance_W100_I1.dat,parameter_sensitivity,PASS
baseline,medium_large,network_size,500,ACO,baseline,N500_C1_I1.dat,baseline,PASS
baseline,medium_large,network_size,500,GA,baseline,N500_C1_I1.dat,baseline,PASS
baseline,medium_large,network_size,500,Heuristic,baseline,N500_C1_I1.dat,baseline,PASS
baseline,medium_large,network_size,500,PSO,baseline,N500_C1_I1.dat,baseline,PASS
baseline,medium_large,network_size,1000,ACO,baseline,N1000_C1_I1.dat,baseline,PASS
baseline,medium_large,network_size,1000,GA,baseline,N1000_C1_I1.dat,baseline,PASS
baseline,medium_large,network_size,1000,Heuristic,baseline,N1000_C1_I1.dat,baseline,PASS
baseline,medium_large,network_size,1000,PSO,baseline,N1000_C1_I1.dat,baseline,PASS
baseline,medium_large,network_size,1500,ACO,baseline,N1500_C1_I1.dat,baseline,PASS
baseline,medium_large,network_size,1500,GA,baseline,N1500_C1_I1.dat,baseline,PASS
baseline,medium_large,network_size,1500,Heuristic,baseline,N1500_C1_I1.dat,baseline,PASS
baseline,medium_large,network_size,1500,PSO,baseline,N1500_C1_I1.dat,baseline,PASS
baseline,medium_large,network_size,2000,ACO,baseline,N2000_C1_I1.dat,baseline,PASS
baseline,medium_large,network_size,2000,GA,baseline,N2000_C1_I1.dat,baseline,PASS
baseline,medium_large,network_size,2000,Heuristic,baseline,N2000_C1_I1.dat,baseline,PASS
baseline,medium_large,network_size,2000,PSO,baseline,N2000_C1_I1.dat,baseline,PASS
baseline,medium_large,network_size,2500,ACO,baseline,N2500_C1_I1.dat,baseline,PASS
baseline,medium_large,network_size,2500,GA,baseline,N2500_C1_I1.dat,baseline,PASS
baseline,medium_large,network_size,2500,Heuristic,baseline,N2500_C1_I1.dat,baseline,PASS
baseline,medium_large,network_size,2500,PSO,baseline,N2500_C1_I1.dat,baseline,PASS
baseline,medium_large,parking_budget,10,ACO,parameter_sensitivity,N2500_PS_parking_budget_Cmax100_I1.dat,parameter_sensitivity,PASS
baseline,medium_large,parking_budget,10,GA,parameter_sensitivity,N2500_PS_parking_budget_Cmax100_I1.dat,parameter_sensitivity,PASS
baseline,medium_large,parking_budget,10,Heuristic,parameter_sensitivity,N2500_PS_parking_budget_Cmax100_I1.dat,parameter_sensitivity,PASS
baseline,medium_large,parking_budget,10,PSO,parameter_sensitivity,N2500_PS_parking_budget_Cmax100_I1.dat,parameter_sensitivity,PASS
baseline,medium_large,parking_budget,15,ACO,parameter_sensitivity,N2500_PS_parking_budget_Cmax150_I1.dat,parameter_sensitivity,PASS
baseline,medium_large,parking_budget,15,GA,parameter_sensitivity,N2500_PS_parking_budget_Cmax150_I1.dat,parameter_sensitivity,PASS
baseline,medium_large,parking_budget,15,Heuristic,parameter_sensitivity,N2500_PS_parking_budget_Cmax150_I1.dat,parameter_sensitivity,PASS
baseline,medium_large,parking_budget,20.5,ACO,parameter_sensitivity,N2500_PS_parking_budget_Cmax205_I1.dat,parameter_sensitivity,PASS
baseline,medium_large,parking_budget,20.5,GA,parameter_sensitivity,N2500_PS_parking_budget_Cmax205_I1.dat,parameter_sensitivity,PASS
baseline,medium_large,parking_budget,20.5,Heuristic,parameter_sensitivity,N2500_PS_parking_budget_Cmax205_I1.dat,parameter_sensitivity,PASS
baseline,medium_large,parking_budget,20.5,PSO,parameter_sensitivity,N2500_PS_parking_budget_Cmax205_I1.dat,parameter_sensitivity,PASS
baseline,medium_large,parking_budget,25,ACO,parameter_sensitivity,N2500_PS_parking_budget_Cmax250_I1.dat,parameter_sensitivity,PASS
baseline,medium_large,parking_budget,25,GA,parameter_sensitivity,N2500_PS_parking_budget_Cmax250_I1.dat,parameter_sensitivity,PASS
baseline,medium_large,parking_budget,25,Heuristic,parameter_sensitivity,N2500_PS_parking_budget_Cmax250_I1.dat,parameter_sensitivity,PASS
baseline,medium_large,parking_budget,25,PSO,parameter_sensitivity,N2500_PS_parking_budget_Cmax250_I1.dat,parameter_sensitivity,PASS
baseline,medium_large,parking_cost_range,10.0,ACO,parameter_sensitivity,N2500_PS_parking_cost_100_225_I1.dat,parameter_sensitivity,PASS
baseline,medium_large,parking_cost_range,10.0,GA,parameter_sensitivity,N2500_PS_parking_cost_100_225_I1.dat,parameter_sensitivity,PASS
baseline,medium_large,parking_cost_range,10.0,Heuristic,parameter_sensitivity,N2500_PS_parking_cost_100_225_I1.dat,parameter_sensitivity,PASS
baseline,medium_large,parking_cost_range,10.0,PSO,parameter_sensitivity,N2500_PS_parking_cost_100_225_I1.dat,parameter_sensitivity,PASS
baseline,medium_large,parking_cost_range,12.5,ACO,parameter_sensitivity,N2500_PS_parking_cost_125_250_I1.dat,parameter_sensitivity,PASS
baseline,medium_large,parking_cost_range,12.5,GA,parameter_sensitivity,N2500_PS_parking_cost_125_250_I1.dat,parameter_sensitivity,PASS
baseline,medium_large,parking_cost_range,12.5,Heuristic,parameter_sensitivity,N2500_PS_parking_cost_125_250_I1.dat,parameter_sensitivity,PASS
baseline,medium_large,parking_cost_range,12.5,PSO,parameter_sensitivity,N2500_PS_parking_cost_125_250_I1.dat,parameter_sensitivity,PASS
baseline,medium_large,parking_cost_range,15.0,ACO,parameter_sensitivity,N2500_PS_parking_cost_150_300_I1.dat,parameter_sensitivity,PASS
baseline,medium_large,parking_cost_range,15.0,GA,parameter_sensitivity,N2500_PS_parking_cost_150_300_I1.dat,parameter_sensitivity,PASS
baseline,medium_large,parking_cost_range,15.0,Heuristic,parameter_sensitivity,N2500_PS_parking_cost_150_300_I1.dat,parameter_sensitivity,PASS
baseline,medium_large,parking_cost_range,15.0,PSO,parameter_sensitivity,N2500_PS_parking_cost_150_300_I1.dat,parameter_sensitivity,PASS
baseline,medium_large,parking_cost_range,8.0,ACO,parameter_sensitivity,N2500_PS_parking_cost_80_205_I1.dat,parameter_sensitivity,PASS
baseline,medium_large,parking_cost_range,8.0,GA,parameter_sensitivity,N2500_PS_parking_cost_80_205_I1.dat,parameter_sensitivity,PASS
baseline,medium_large,parking_cost_range,8.0,Heuristic,parameter_sensitivity,N2500_PS_parking_cost_80_205_I1.dat,parameter_sensitivity,PASS
baseline,medium_large,parking_cost_range,8.0,PSO,parameter_sensitivity,N2500_PS_parking_cost_80_205_I1.dat,parameter_sensitivity,PASS
baseline,medium_large,parking_supply,10%,ACO,parameter_sensitivity,N2500_PS_parking_supply_P10_I1.dat,parameter_sensitivity,PASS
baseline,medium_large,parking_supply,10%,GA,parameter_sensitivity,N2500_PS_parking_supply_P10_I1.dat,parameter_sensitivity,PASS
baseline,medium_large,parking_supply,10%,Heuristic,parameter_sensitivity,N2500_PS_parking_supply_P10_I1.dat,parameter_sensitivity,PASS
baseline,medium_large,parking_supply,10%,PSO,parameter_sensitivity,N2500_PS_parking_supply_P10_I1.dat,parameter_sensitivity,PASS
baseline,medium_large,parking_supply,15%,ACO,parameter_sensitivity,N2500_PS_parking_supply_P15_I1.dat,parameter_sensitivity,PASS
baseline,medium_large,parking_supply,15%,GA,parameter_sensitivity,N2500_PS_parking_supply_P15_I1.dat,parameter_sensitivity,PASS
baseline,medium_large,parking_supply,15%,Heuristic,parameter_sensitivity,N2500_PS_parking_supply_P15_I1.dat,parameter_sensitivity,PASS
baseline,medium_large,parking_supply,15%,PSO,parameter_sensitivity,N2500_PS_parking_supply_P15_I1.dat,parameter_sensitivity,PASS
baseline,medium_large,parking_supply,20%,ACO,parameter_sensitivity,N2500_PS_parking_supply_P20_I1.dat,parameter_sensitivity,PASS
baseline,medium_large,parking_supply,20%,GA,parameter_sensitivity,N2500_PS_parking_supply_P20_I1.dat,parameter_sensitivity,PASS
baseline,medium_large,parking_supply,20%,Heuristic,parameter_sensitivity,N2500_PS_parking_supply_P20_I1.dat,parameter_sensitivity,PASS
baseline,medium_large,parking_supply,20%,PSO,parameter_sensitivity,N2500_PS_parking_supply_P20_I1.dat,parameter_sensitivity,PASS
baseline,medium_large,parking_supply,5%,ACO,parameter_sensitivity,N2500_PS_parking_supply_P5_I1.dat,parameter_sensitivity,PASS
baseline,medium_large,parking_supply,5%,GA,parameter_sensitivity,N2500_PS_parking_supply_P5_I1.dat,parameter_sensitivity,PASS
baseline,medium_large,parking_supply,5%,Heuristic,parameter_sensitivity,N2500_PS_parking_supply_P5_I1.dat,parameter_sensitivity,PASS
baseline,medium_large,parking_supply,5%,PSO,parameter_sensitivity,N2500_PS_parking_supply_P5_I1.dat,parameter_sensitivity,PASS
baseline,medium_large,traffic_level,High,ACO,parameter_sensitivity,N2500_PS_traffic_high_I1.dat,parameter_sensitivity,PASS
baseline,medium_large,traffic_level,High,GA,parameter_sensitivity,N2500_PS_traffic_high_I1.dat,parameter_sensitivity,PASS
baseline,medium_large,traffic_level,High,Heuristic,parameter_sensitivity,N2500_PS_traffic_high_I1.dat,parameter_sensitivity,PASS
baseline,medium_large,traffic_level,High,PSO,parameter_sensitivity,N2500_PS_traffic_high_I1.dat,parameter_sensitivity,PASS
baseline,medium_large,traffic_level,Low,ACO,parameter_sensitivity,N2500_PS_traffic_low_I1.dat,parameter_sensitivity,PASS
baseline,medium_large,traffic_level,Low,GA,parameter_sensitivity,N2500_PS_traffic_low_I1.dat,parameter_sensitivity,PASS
baseline,medium_large,traffic_level,Low,Heuristic,parameter_sensitivity,N2500_PS_traffic_low_I1.dat,parameter_sensitivity,PASS
baseline,medium_large,traffic_level,Low,PSO,parameter_sensitivity,N2500_PS_traffic_low_I1.dat,parameter_sensitivity,PASS
baseline,medium_large,traffic_level,Medium,ACO,parameter_sensitivity,N2500_PS_traffic_medium_I1.dat,parameter_sensitivity,PASS
baseline,medium_large,traffic_level,Medium,GA,parameter_sensitivity,N2500_PS_traffic_medium_I1.dat,parameter_sensitivity,PASS
baseline,medium_large,traffic_level,Medium,Heuristic,parameter_sensitivity,N2500_PS_traffic_medium_I1.dat,parameter_sensitivity,PASS
baseline,medium_large,traffic_level,Medium,PSO,parameter_sensitivity,N2500_PS_traffic_medium_I1.dat,parameter_sensitivity,PASS
baseline,medium_large,traffic_level,Very Low,ACO,parameter_sensitivity,N2500_PS_traffic_very_low_I1.dat,parameter_sensitivity,PASS
baseline,medium_large,traffic_level,Very Low,GA,parameter_sensitivity,N2500_PS_traffic_very_low_I1.dat,parameter_sensitivity,PASS
baseline,medium_large,traffic_level,Very Low,Heuristic,parameter_sensitivity,N2500_PS_traffic_very_low_I1.dat,parameter_sensitivity,PASS
baseline,medium_large,traffic_level,Very Low,PSO,parameter_sensitivity,N2500_PS_traffic_very_low_I1.dat,parameter_sensitivity,PASS
baseline,small,edge_density,180,Heuristic,parameter_sensitivity,N40_PS_edge_density_baseline_180_I1.dat,parameter_sensitivity,PASS
baseline,small,edge_density,180,Optimization,parameter_sensitivity,N40_PS_edge_density_baseline_180_I1.dat,parameter_sensitivity,PASS
baseline,small,edge_density,192,Heuristic,parameter_sensitivity,N40_PS_edge_density_dense_192_I1.dat,parameter_sensitivity,PASS
baseline,small,edge_density,192,Optimization,parameter_sensitivity,N40_PS_edge_density_dense_192_I1.dat,parameter_sensitivity,PASS
baseline,small,edge_density,204,Heuristic,parameter_sensitivity,N40_PS_edge_density_denser_204_I1.dat,parameter_sensitivity,PASS
baseline,small,edge_density,204,Optimization,parameter_sensitivity,N40_PS_edge_density_denser_204_I1.dat,parameter_sensitivity,PASS
baseline,small,edge_density,216,Heuristic,parameter_sensitivity,N40_PS_edge_density_densest_216_I1.dat,parameter_sensitivity,PASS
baseline,small,edge_density,216,Optimization,parameter_sensitivity,N40_PS_edge_density_densest_216_I1.dat,parameter_sensitivity,PASS
baseline,small,maximum_walking_distance,0.25,Heuristic,parameter_sensitivity,N40_PS_walking_distance_W025_I1.dat,parameter_sensitivity,PASS
baseline,small,maximum_walking_distance,0.25,Optimization,parameter_sensitivity,N40_PS_walking_distance_W025_I1.dat,parameter_sensitivity,PASS
baseline,small,maximum_walking_distance,0.50,Heuristic,parameter_sensitivity,N40_PS_walking_distance_W050_I1.dat,parameter_sensitivity,PASS
baseline,small,maximum_walking_distance,0.50,Optimization,parameter_sensitivity,N40_PS_walking_distance_W050_I1.dat,parameter_sensitivity,PASS
baseline,small,maximum_walking_distance,0.75,Heuristic,parameter_sensitivity,N40_PS_walking_distance_W075_I1.dat,parameter_sensitivity,PASS
baseline,small,maximum_walking_distance,0.75,Optimization,parameter_sensitivity,N40_PS_walking_distance_W075_I1.dat,parameter_sensitivity,PASS
baseline,small,maximum_walking_distance,1.00,Heuristic,parameter_sensitivity,N40_PS_walking_distance_W100_I1.dat,parameter_sensitivity,PASS
baseline,small,maximum_walking_distance,1.00,Optimization,parameter_sensitivity,N40_PS_walking_distance_W100_I1.dat,parameter_sensitivity,PASS
baseline,small,network_size,10,Heuristic,baseline,N10_C1_I1.dat,baseline,PASS
baseline,small,network_size,10,Optimization,baseline,N10_C1_I1.dat,baseline,PASS
baseline,small,network_size,20,Heuristic,baseline,N20_C1_I1.dat,baseline,PASS
baseline,small,network_size,20,Optimization,baseline,N20_C1_I1.dat,baseline,PASS
baseline,small,network_size,30,Heuristic,baseline,N30_C1_I1.dat,baseline,PASS
baseline,small,network_size,30,Optimization,baseline,N30_C1_I1.dat,baseline,PASS
baseline,small,network_size,40,Heuristic,baseline,N40_C1_I1.dat,baseline,PASS
baseline,small,network_size,40,Optimization,baseline,N40_C1_I1.dat,baseline,PASS
baseline,small,network_size,50,Heuristic,baseline,N50_C1_I1.dat,baseline,PASS
baseline,small,network_size,50,Optimization,baseline,N50_C1_I1.dat,baseline,PASS
baseline,small,parking_budget,10,Heuristic,parameter_sensitivity,N40_PS_parking_budget_Cmax100_I1.dat,parameter_sensitivity,PASS
baseline,small,parking_budget,10,Optimization,parameter_sensitivity,N40_PS_parking_budget_Cmax100_I1.dat,parameter_sensitivity,PASS
baseline,small,parking_budget,15,Heuristic,parameter_sensitivity,N40_PS_parking_budget_Cmax150_I1.dat,parameter_sensitivity,PASS
baseline,small,parking_budget,15,Optimization,parameter_sensitivity,N40_PS_parking_budget_Cmax150_I1.dat,parameter_sensitivity,PASS
baseline,small,parking_budget,20.5,Heuristic,parameter_sensitivity,N40_PS_parking_budget_Cmax205_I1.dat,parameter_sensitivity,PASS
baseline,small,parking_budget,20.5,Optimization,parameter_sensitivity,N40_PS_parking_budget_Cmax205_I1.dat,parameter_sensitivity,PASS
baseline,small,parking_budget,25,Heuristic,parameter_sensitivity,N40_PS_parking_budget_Cmax250_I1.dat,parameter_sensitivity,PASS
baseline,small,parking_budget,25,Optimization,parameter_sensitivity,N40_PS_parking_budget_Cmax250_I1.dat,parameter_sensitivity,PASS
baseline,small,parking_cost_range,10.0,Heuristic,parameter_sensitivity,N40_PS_parking_cost_100_225_I1.dat,parameter_sensitivity,PASS
baseline,small,parking_cost_range,10.0,Optimization,parameter_sensitivity,N40_PS_parking_cost_100_225_I1.dat,parameter_sensitivity,PASS
baseline,small,parking_cost_range,12.5,Heuristic,parameter_sensitivity,N40_PS_parking_cost_125_250_I1.dat,parameter_sensitivity,PASS
baseline,small,parking_cost_range,12.5,Optimization,parameter_sensitivity,N40_PS_parking_cost_125_250_I1.dat,parameter_sensitivity,PASS
baseline,small,parking_cost_range,15.0,Heuristic,parameter_sensitivity,N40_PS_parking_cost_150_300_I1.dat,parameter_sensitivity,PASS
baseline,small,parking_cost_range,15.0,Optimization,parameter_sensitivity,N40_PS_parking_cost_150_300_I1.dat,parameter_sensitivity,PASS
baseline,small,parking_cost_range,8.0,Heuristic,parameter_sensitivity,N40_PS_parking_cost_80_205_I1.dat,parameter_sensitivity,PASS
baseline,small,parking_cost_range,8.0,Optimization,parameter_sensitivity,N40_PS_parking_cost_80_205_I1.dat,parameter_sensitivity,PASS
baseline,small,parking_supply,10%,Heuristic,parameter_sensitivity,N40_PS_parking_supply_P10_I1.dat,parameter_sensitivity,PASS
baseline,small,parking_supply,10%,Optimization,parameter_sensitivity,N40_PS_parking_supply_P10_I1.dat,parameter_sensitivity,PASS
baseline,small,parking_supply,15%,Heuristic,parameter_sensitivity,N40_PS_parking_supply_P15_I1.dat,parameter_sensitivity,PASS
baseline,small,parking_supply,15%,Optimization,parameter_sensitivity,N40_PS_parking_supply_P15_I1.dat,parameter_sensitivity,PASS
baseline,small,parking_supply,20%,Heuristic,parameter_sensitivity,N40_PS_parking_supply_P20_I1.dat,parameter_sensitivity,PASS
baseline,small,parking_supply,20%,Optimization,parameter_sensitivity,N40_PS_parking_supply_P20_I1.dat,parameter_sensitivity,PASS
baseline,small,parking_supply,5%,Heuristic,parameter_sensitivity,N40_PS_parking_supply_P5_I1.dat,parameter_sensitivity,PASS
baseline,small,parking_supply,5%,Optimization,parameter_sensitivity,N40_PS_parking_supply_P5_I1.dat,parameter_sensitivity,PASS
baseline,small,traffic_level,High,Heuristic,parameter_sensitivity,N40_PS_traffic_high_I1.dat,parameter_sensitivity,PASS
baseline,small,traffic_level,High,Optimization,parameter_sensitivity,N40_PS_traffic_high_I1.dat,parameter_sensitivity,PASS
baseline,small,traffic_level,Low,Heuristic,parameter_sensitivity,N40_PS_traffic_low_I1.dat,parameter_sensitivity,PASS
baseline,small,traffic_level,Low,Optimization,parameter_sensitivity,N40_PS_traffic_low_I1.dat,parameter_sensitivity,PASS
baseline,small,traffic_level,Medium,Heuristic,parameter_sensitivity,N40_PS_traffic_medium_I1.dat,parameter_sensitivity,PASS
baseline,small,traffic_level,Medium,Optimization,parameter_sensitivity,N40_PS_traffic_medium_I1.dat,parameter_sensitivity,PASS
baseline,small,traffic_level,Very Low,Heuristic,parameter_sensitivity,N40_PS_traffic_very_low_I1.dat,parameter_sensitivity,PASS
baseline,small,traffic_level,Very Low,Optimization,parameter_sensitivity,N40_PS_traffic_very_low_I1.dat,parameter_sensitivity,PASS
baseline,sumo,edge_density,5385,ACO,parameter_sensitivity,N2055_PS_edge_density_baseline_5385_I1.dat,parameter_sensitivity,PASS
baseline,sumo,edge_density,5385,GA,parameter_sensitivity,N2055_PS_edge_density_baseline_5385_I1.dat,parameter_sensitivity,PASS
baseline,sumo,edge_density,5385,Heuristic,parameter_sensitivity,N2055_PS_edge_density_baseline_5385_I1.dat,parameter_sensitivity,PASS
baseline,sumo,edge_density,5385,PSO,parameter_sensitivity,N2055_PS_edge_density_baseline_5385_I1.dat,parameter_sensitivity,PASS
baseline,sumo,edge_density,6069,ACO,parameter_sensitivity,N2055_PS_edge_density_dense_6069_I1.dat,parameter_sensitivity,PASS
baseline,sumo,edge_density,6069,GA,parameter_sensitivity,N2055_PS_edge_density_dense_6069_I1.dat,parameter_sensitivity,PASS
baseline,sumo,edge_density,6069,Heuristic,parameter_sensitivity,N2055_PS_edge_density_dense_6069_I1.dat,parameter_sensitivity,PASS
baseline,sumo,edge_density,6069,PSO,parameter_sensitivity,N2055_PS_edge_density_dense_6069_I1.dat,parameter_sensitivity,PASS
baseline,sumo,edge_density,6753,ACO,parameter_sensitivity,N2055_PS_edge_density_denser_6753_I1.dat,parameter_sensitivity,PASS
baseline,sumo,edge_density,6753,GA,parameter_sensitivity,N2055_PS_edge_density_denser_6753_I1.dat,parameter_sensitivity,PASS
baseline,sumo,edge_density,6753,Heuristic,parameter_sensitivity,N2055_PS_edge_density_denser_6753_I1.dat,parameter_sensitivity,PASS
baseline,sumo,edge_density,6753,PSO,parameter_sensitivity,N2055_PS_edge_density_denser_6753_I1.dat,parameter_sensitivity,PASS
baseline,sumo,edge_density,7437,ACO,parameter_sensitivity,N2055_PS_edge_density_densest_7437_I1.dat,parameter_sensitivity,PASS
baseline,sumo,edge_density,7437,GA,parameter_sensitivity,N2055_PS_edge_density_densest_7437_I1.dat,parameter_sensitivity,PASS
baseline,sumo,edge_density,7437,Heuristic,parameter_sensitivity,N2055_PS_edge_density_densest_7437_I1.dat,parameter_sensitivity,PASS
baseline,sumo,edge_density,7437,PSO,parameter_sensitivity,N2055_PS_edge_density_densest_7437_I1.dat,parameter_sensitivity,PASS
baseline,sumo,maximum_walking_distance,0.25,ACO,parameter_sensitivity,N2055_PS_walking_distance_W025_I1.dat,parameter_sensitivity,PASS
baseline,sumo,maximum_walking_distance,0.25,GA,parameter_sensitivity,N2055_PS_walking_distance_W025_I1.dat,parameter_sensitivity,PASS
baseline,sumo,maximum_walking_distance,0.25,Heuristic,parameter_sensitivity,N2055_PS_walking_distance_W025_I1.dat,parameter_sensitivity,PASS
baseline,sumo,maximum_walking_distance,0.25,PSO,parameter_sensitivity,N2055_PS_walking_distance_W025_I1.dat,parameter_sensitivity,PASS
baseline,sumo,maximum_walking_distance,0.50,ACO,parameter_sensitivity,N2055_PS_walking_distance_W050_I1.dat,parameter_sensitivity,PASS
baseline,sumo,maximum_walking_distance,0.50,GA,parameter_sensitivity,N2055_PS_walking_distance_W050_I1.dat,parameter_sensitivity,PASS
baseline,sumo,maximum_walking_distance,0.50,Heuristic,parameter_sensitivity,N2055_PS_walking_distance_W050_I1.dat,parameter_sensitivity,PASS
baseline,sumo,maximum_walking_distance,0.50,PSO,parameter_sensitivity,N2055_PS_walking_distance_W050_I1.dat,parameter_sensitivity,PASS
baseline,sumo,maximum_walking_distance,0.75,ACO,parameter_sensitivity,N2055_PS_walking_distance_W075_I1.dat,parameter_sensitivity,PASS
baseline,sumo,maximum_walking_distance,0.75,GA,parameter_sensitivity,N2055_PS_walking_distance_W075_I1.dat,parameter_sensitivity,PASS
baseline,sumo,maximum_walking_distance,0.75,Heuristic,parameter_sensitivity,N2055_PS_walking_distance_W075_I1.dat,parameter_sensitivity,PASS
baseline,sumo,maximum_walking_distance,0.75,PSO,parameter_sensitivity,N2055_PS_walking_distance_W075_I1.dat,parameter_sensitivity,PASS
baseline,sumo,maximum_walking_distance,1.00,ACO,parameter_sensitivity,N2055_PS_walking_distance_W100_I1.dat,parameter_sensitivity,PASS
baseline,sumo,maximum_walking_distance,1.00,GA,parameter_sensitivity,N2055_PS_walking_distance_W100_I1.dat,parameter_sensitivity,PASS
baseline,sumo,maximum_walking_distance,1.00,Heuristic,parameter_sensitivity,N2055_PS_walking_distance_W100_I1.dat,parameter_sensitivity,PASS
baseline,sumo,maximum_walking_distance,1.00,PSO,parameter_sensitivity,N2055_PS_walking_distance_W100_I1.dat,parameter_sensitivity,PASS
baseline,sumo,network_size,2055,ACO,baseline,N2055_C1_I1.dat,baseline,PASS
baseline,sumo,network_size,2055,GA,baseline,N2055_C1_I1.dat,baseline,PASS
baseline,sumo,network_size,2055,Heuristic,baseline,N2055_C1_I1.dat,baseline,PASS
baseline,sumo,network_size,2055,PSO,baseline,N2055_C1_I1.dat,baseline,PASS
baseline,sumo,parking_budget,10,ACO,parameter_sensitivity,N2055_PS_parking_budget_Cmax100_I1.dat,parameter_sensitivity,PASS
baseline,sumo,parking_budget,10,GA,parameter_sensitivity,N2055_PS_parking_budget_Cmax100_I1.dat,parameter_sensitivity,PASS
baseline,sumo,parking_budget,10,Heuristic,parameter_sensitivity,N2055_PS_parking_budget_Cmax100_I1.dat,parameter_sensitivity,PASS
baseline,sumo,parking_budget,10,PSO,parameter_sensitivity,N2055_PS_parking_budget_Cmax100_I1.dat,parameter_sensitivity,PASS
baseline,sumo,parking_budget,15,ACO,parameter_sensitivity,N2055_PS_parking_budget_Cmax150_I1.dat,parameter_sensitivity,PASS
baseline,sumo,parking_budget,15,GA,parameter_sensitivity,N2055_PS_parking_budget_Cmax150_I1.dat,parameter_sensitivity,PASS
baseline,sumo,parking_budget,15,Heuristic,parameter_sensitivity,N2055_PS_parking_budget_Cmax150_I1.dat,parameter_sensitivity,PASS
baseline,sumo,parking_budget,15,PSO,parameter_sensitivity,N2055_PS_parking_budget_Cmax150_I1.dat,parameter_sensitivity,PASS
baseline,sumo,parking_budget,20.5,ACO,parameter_sensitivity,N2055_PS_parking_budget_Cmax205_I1.dat,parameter_sensitivity,PASS
baseline,sumo,parking_budget,20.5,GA,parameter_sensitivity,N2055_PS_parking_budget_Cmax205_I1.dat,parameter_sensitivity,PASS
baseline,sumo,parking_budget,20.5,Heuristic,parameter_sensitivity,N2055_PS_parking_budget_Cmax205_I1.dat,parameter_sensitivity,PASS
baseline,sumo,parking_budget,20.5,PSO,parameter_sensitivity,N2055_PS_parking_budget_Cmax205_I1.dat,parameter_sensitivity,PASS
baseline,sumo,parking_budget,25,ACO,parameter_sensitivity,N2055_PS_parking_budget_Cmax250_I1.dat,parameter_sensitivity,PASS
baseline,sumo,parking_budget,25,GA,parameter_sensitivity,N2055_PS_parking_budget_Cmax250_I1.dat,parameter_sensitivity,PASS
baseline,sumo,parking_budget,25,Heuristic,parameter_sensitivity,N2055_PS_parking_budget_Cmax250_I1.dat,parameter_sensitivity,PASS
baseline,sumo,parking_budget,25,PSO,parameter_sensitivity,N2055_PS_parking_budget_Cmax250_I1.dat,parameter_sensitivity,PASS
baseline,sumo,parking_cost_range,10.0,ACO,parameter_sensitivity,N2055_PS_parking_cost_100_225_I1.dat,parameter_sensitivity,PASS
baseline,sumo,parking_cost_range,10.0,GA,parameter_sensitivity,N2055_PS_parking_cost_100_225_I1.dat,parameter_sensitivity,PASS
baseline,sumo,parking_cost_range,10.0,Heuristic,parameter_sensitivity,N2055_PS_parking_cost_100_225_I1.dat,parameter_sensitivity,PASS
baseline,sumo,parking_cost_range,10.0,PSO,parameter_sensitivity,N2055_PS_parking_cost_100_225_I1.dat,parameter_sensitivity,PASS
baseline,sumo,parking_cost_range,12.5,ACO,parameter_sensitivity,N2055_PS_parking_cost_125_250_I1.dat,parameter_sensitivity,PASS
baseline,sumo,parking_cost_range,12.5,GA,parameter_sensitivity,N2055_PS_parking_cost_125_250_I1.dat,parameter_sensitivity,PASS
baseline,sumo,parking_cost_range,12.5,Heuristic,parameter_sensitivity,N2055_PS_parking_cost_125_250_I1.dat,parameter_sensitivity,PASS
baseline,sumo,parking_cost_range,12.5,PSO,parameter_sensitivity,N2055_PS_parking_cost_125_250_I1.dat,parameter_sensitivity,PASS
baseline,sumo,parking_cost_range,15.0,ACO,parameter_sensitivity,N2055_PS_parking_cost_150_300_I1.dat,parameter_sensitivity,PASS
baseline,sumo,parking_cost_range,15.0,GA,parameter_sensitivity,N2055_PS_parking_cost_150_300_I1.dat,parameter_sensitivity,PASS
baseline,sumo,parking_cost_range,15.0,Heuristic,parameter_sensitivity,N2055_PS_parking_cost_150_300_I1.dat,parameter_sensitivity,PASS
baseline,sumo,parking_cost_range,15.0,PSO,parameter_sensitivity,N2055_PS_parking_cost_150_300_I1.dat,parameter_sensitivity,PASS
baseline,sumo,parking_cost_range,8.0,ACO,parameter_sensitivity,N2055_PS_parking_cost_80_205_I1.dat,parameter_sensitivity,PASS
baseline,sumo,parking_cost_range,8.0,GA,parameter_sensitivity,N2055_PS_parking_cost_80_205_I1.dat,parameter_sensitivity,PASS
baseline,sumo,parking_cost_range,8.0,Heuristic,parameter_sensitivity,N2055_PS_parking_cost_80_205_I1.dat,parameter_sensitivity,PASS
baseline,sumo,parking_cost_range,8.0,PSO,parameter_sensitivity,N2055_PS_parking_cost_80_205_I1.dat,parameter_sensitivity,PASS
baseline,sumo,parking_supply,10%,ACO,parameter_sensitivity,N2055_PS_parking_supply_P10_I1.dat,parameter_sensitivity,PASS
baseline,sumo,parking_supply,10%,GA,parameter_sensitivity,N2055_PS_parking_supply_P10_I1.dat,parameter_sensitivity,PASS
baseline,sumo,parking_supply,10%,Heuristic,parameter_sensitivity,N2055_PS_parking_supply_P10_I1.dat,parameter_sensitivity,PASS
baseline,sumo,parking_supply,10%,PSO,parameter_sensitivity,N2055_PS_parking_supply_P10_I1.dat,parameter_sensitivity,PASS
baseline,sumo,parking_supply,15%,ACO,parameter_sensitivity,N2055_PS_parking_supply_P15_I1.dat,parameter_sensitivity,PASS
baseline,sumo,parking_supply,15%,GA,parameter_sensitivity,N2055_PS_parking_supply_P15_I1.dat,parameter_sensitivity,PASS
baseline,sumo,parking_supply,15%,Heuristic,parameter_sensitivity,N2055_PS_parking_supply_P15_I1.dat,parameter_sensitivity,PASS
baseline,sumo,parking_supply,15%,PSO,parameter_sensitivity,N2055_PS_parking_supply_P15_I1.dat,parameter_sensitivity,PASS
baseline,sumo,parking_supply,20%,ACO,parameter_sensitivity,N2055_PS_parking_supply_P20_I1.dat,parameter_sensitivity,PASS
baseline,sumo,parking_supply,20%,GA,parameter_sensitivity,N2055_PS_parking_supply_P20_I1.dat,parameter_sensitivity,PASS
baseline,sumo,parking_supply,20%,Heuristic,parameter_sensitivity,N2055_PS_parking_supply_P20_I1.dat,parameter_sensitivity,PASS
baseline,sumo,parking_supply,20%,PSO,parameter_sensitivity,N2055_PS_parking_supply_P20_I1.dat,parameter_sensitivity,PASS
baseline,sumo,parking_supply,5%,ACO,parameter_sensitivity,N2055_PS_parking_supply_P5_I1.dat,parameter_sensitivity,PASS
baseline,sumo,parking_supply,5%,GA,parameter_sensitivity,N2055_PS_parking_supply_P5_I1.dat,parameter_sensitivity,PASS
baseline,sumo,parking_supply,5%,Heuristic,parameter_sensitivity,N2055_PS_parking_supply_P5_I1.dat,parameter_sensitivity,PASS
baseline,sumo,parking_supply,5%,PSO,parameter_sensitivity,N2055_PS_parking_supply_P5_I1.dat,parameter_sensitivity,PASS
baseline,sumo,traffic_level,High,ACO,parameter_sensitivity,N2055_PS_traffic_high_I1.dat,parameter_sensitivity,PASS
baseline,sumo,traffic_level,High,GA,parameter_sensitivity,N2055_PS_traffic_high_I1.dat,parameter_sensitivity,PASS
baseline,sumo,traffic_level,High,Heuristic,parameter_sensitivity,N2055_PS_traffic_high_I1.dat,parameter_sensitivity,PASS
baseline,sumo,traffic_level,High,PSO,parameter_sensitivity,N2055_PS_traffic_high_I1.dat,parameter_sensitivity,PASS
baseline,sumo,traffic_level,Low,ACO,parameter_sensitivity,N2055_PS_traffic_low_I1.dat,parameter_sensitivity,PASS
baseline,sumo,traffic_level,Low,GA,parameter_sensitivity,N2055_PS_traffic_low_I1.dat,parameter_sensitivity,PASS
baseline,sumo,traffic_level,Low,Heuristic,parameter_sensitivity,N2055_PS_traffic_low_I1.dat,parameter_sensitivity,PASS
baseline,sumo,traffic_level,Low,PSO,parameter_sensitivity,N2055_PS_traffic_low_I1.dat,parameter_sensitivity,PASS
baseline,sumo,traffic_level,Medium,ACO,parameter_sensitivity,N2055_PS_traffic_medium_I1.dat,parameter_sensitivity,PASS
baseline,sumo,traffic_level,Medium,GA,parameter_sensitivity,N2055_PS_traffic_medium_I1.dat,parameter_sensitivity,PASS
baseline,sumo,traffic_level,Medium,Heuristic,parameter_sensitivity,N2055_PS_traffic_medium_I1.dat,parameter_sensitivity,PASS
baseline,sumo,traffic_level,Medium,PSO,parameter_sensitivity,N2055_PS_traffic_medium_I1.dat,parameter_sensitivity,PASS
baseline,sumo,traffic_level,Very Low,ACO,parameter_sensitivity,N2055_PS_traffic_very_low_I1.dat,parameter_sensitivity,PASS
baseline,sumo,traffic_level,Very Low,GA,parameter_sensitivity,N2055_PS_traffic_very_low_I1.dat,parameter_sensitivity,PASS
baseline,sumo,traffic_level,Very Low,Heuristic,parameter_sensitivity,N2055_PS_traffic_very_low_I1.dat,parameter_sensitivity,PASS
baseline,sumo,traffic_level,Very Low,PSO,parameter_sensitivity,N2055_PS_traffic_very_low_I1.dat,parameter_sensitivity,PASS
extension,medium_large,edge_density,7446,ACO,parameter_sensitivity,N2500_PS_edge_density_baseline_7446_I1.dat,parameter_sensitivity,PASS
extension,medium_large,edge_density,7446,GA,parameter_sensitivity,N2500_PS_edge_density_baseline_7446_I1.dat,parameter_sensitivity,PASS
extension,medium_large,edge_density,7446,Optimization,parameter_sensitivity,N2500_PS_edge_density_baseline_7446_I1.dat,parameter_sensitivity,PASS
extension,medium_large,edge_density,7446,PSO,parameter_sensitivity,N2500_PS_edge_density_baseline_7446_I1.dat,parameter_sensitivity,PASS
extension,medium_large,edge_density,8278,ACO,parameter_sensitivity,N2500_PS_edge_density_dense_8278_I1.dat,parameter_sensitivity,PASS
extension,medium_large,edge_density,8278,GA,parameter_sensitivity,N2500_PS_edge_density_dense_8278_I1.dat,parameter_sensitivity,PASS
extension,medium_large,edge_density,8278,Optimization,parameter_sensitivity,N2500_PS_edge_density_dense_8278_I1.dat,parameter_sensitivity,PASS
extension,medium_large,edge_density,8278,PSO,parameter_sensitivity,N2500_PS_edge_density_dense_8278_I1.dat,parameter_sensitivity,PASS
extension,medium_large,edge_density,9110,ACO,parameter_sensitivity,N2500_PS_edge_density_denser_9110_I1.dat,parameter_sensitivity,PASS
extension,medium_large,edge_density,9110,GA,parameter_sensitivity,N2500_PS_edge_density_denser_9110_I1.dat,parameter_sensitivity,PASS
extension,medium_large,edge_density,9110,Optimization,parameter_sensitivity,N2500_PS_edge_density_denser_9110_I1.dat,parameter_sensitivity,PASS
extension,medium_large,edge_density,9110,PSO,parameter_sensitivity,N2500_PS_edge_density_denser_9110_I1.dat,parameter_sensitivity,PASS
extension,medium_large,edge_density,9942,ACO,parameter_sensitivity,N2500_PS_edge_density_densest_9942_I1.dat,parameter_sensitivity,PASS
extension,medium_large,edge_density,9942,GA,parameter_sensitivity,N2500_PS_edge_density_densest_9942_I1.dat,parameter_sensitivity,PASS
extension,medium_large,edge_density,9942,Optimization,parameter_sensitivity,N2500_PS_edge_density_densest_9942_I1.dat,parameter_sensitivity,PASS
extension,medium_large,edge_density,9942,PSO,parameter_sensitivity,N2500_PS_edge_density_densest_9942_I1.dat,parameter_sensitivity,PASS
extension,medium_large,maximum_walking_distance,0.25,ACO,parameter_sensitivity,N2500_PS_walking_distance_W025_I1.dat,parameter_sensitivity,PASS
extension,medium_large,maximum_walking_distance,0.25,GA,parameter_sensitivity,N2500_PS_walking_distance_W025_I1.dat,parameter_sensitivity,PASS
extension,medium_large,maximum_walking_distance,0.25,Optimization,parameter_sensitivity,N2500_PS_walking_distance_W025_I1.dat,parameter_sensitivity,PASS
extension,medium_large,maximum_walking_distance,0.25,PSO,parameter_sensitivity,N2500_PS_walking_distance_W025_I1.dat,parameter_sensitivity,PASS
extension,medium_large,maximum_walking_distance,0.50,ACO,parameter_sensitivity,N2500_PS_walking_distance_W050_I1.dat,parameter_sensitivity,PASS
extension,medium_large,maximum_walking_distance,0.50,GA,parameter_sensitivity,N2500_PS_walking_distance_W050_I1.dat,parameter_sensitivity,PASS
extension,medium_large,maximum_walking_distance,0.50,Optimization,parameter_sensitivity,N2500_PS_walking_distance_W050_I1.dat,parameter_sensitivity,PASS
extension,medium_large,maximum_walking_distance,0.50,PSO,parameter_sensitivity,N2500_PS_walking_distance_W050_I1.dat,parameter_sensitivity,PASS
extension,medium_large,maximum_walking_distance,0.75,ACO,parameter_sensitivity,N2500_PS_walking_distance_W075_I1.dat,parameter_sensitivity,PASS
extension,medium_large,maximum_walking_distance,0.75,GA,parameter_sensitivity,N2500_PS_walking_distance_W075_I1.dat,parameter_sensitivity,PASS
extension,medium_large,maximum_walking_distance,0.75,Optimization,parameter_sensitivity,N2500_PS_walking_distance_W075_I1.dat,parameter_sensitivity,PASS
extension,medium_large,maximum_walking_distance,0.75,PSO,parameter_sensitivity,N2500_PS_walking_distance_W075_I1.dat,parameter_sensitivity,PASS
extension,medium_large,maximum_walking_distance,1.00,ACO,parameter_sensitivity,N2500_PS_walking_distance_W100_I1.dat,parameter_sensitivity,PASS
extension,medium_large,maximum_walking_distance,1.00,GA,parameter_sensitivity,N2500_PS_walking_distance_W100_I1.dat,parameter_sensitivity,PASS
extension,medium_large,maximum_walking_distance,1.00,Optimization,parameter_sensitivity,N2500_PS_walking_distance_W100_I1.dat,parameter_sensitivity,PASS
extension,medium_large,maximum_walking_distance,1.00,PSO,parameter_sensitivity,N2500_PS_walking_distance_W100_I1.dat,parameter_sensitivity,PASS
extension,medium_large,node_size,500,ACO,final_case,N500_C1_I1.dat,final_case,PASS
extension,medium_large,node_size,500,GA,final_case,N500_C1_I1.dat,final_case,PASS
extension,medium_large,node_size,500,Optimization,final_case,N500_C1_I1.dat,final_case,PASS
extension,medium_large,node_size,500,PSO,final_case,N500_C1_I1.dat,final_case,PASS
extension,medium_large,node_size,1000,ACO,final_case,N1000_C1_I1.dat,final_case,PASS
extension,medium_large,node_size,1000,GA,final_case,N1000_C1_I1.dat,final_case,PASS
extension,medium_large,node_size,1000,Optimization,final_case,N1000_C1_I1.dat,final_case,PASS
extension,medium_large,node_size,1000,PSO,final_case,N1000_C1_I1.dat,final_case,PASS
extension,medium_large,node_size,1500,ACO,final_case,N1500_C1_I1.dat,final_case,PASS
extension,medium_large,node_size,1500,GA,final_case,N1500_C1_I1.dat,final_case,PASS
extension,medium_large,node_size,1500,Optimization,final_case,N1500_C1_I1.dat,final_case,PASS
extension,medium_large,node_size,1500,PSO,final_case,N1500_C1_I1.dat,final_case,PASS
extension,medium_large,node_size,2000,ACO,final_case,N2000_C1_I1.dat,final_case,PASS
extension,medium_large,node_size,2000,GA,final_case,N2000_C1_I1.dat,final_case,PASS
extension,medium_large,node_size,2000,Optimization,final_case,N2000_C1_I1.dat,final_case,PASS
extension,medium_large,node_size,2000,PSO,final_case,N2000_C1_I1.dat,final_case,PASS
extension,medium_large,node_size,2500,ACO,final_case,N2500_C1_I1.dat,final_case,PASS
extension,medium_large,node_size,2500,GA,final_case,N2500_C1_I1.dat,final_case,PASS
extension,medium_large,node_size,2500,Optimization,final_case,N2500_C1_I1.dat,final_case,PASS
extension,medium_large,node_size,2500,PSO,final_case,N2500_C1_I1.dat,final_case,PASS
extension,medium_large,parking_budget_cmax,10.0,ACO,parameter_sensitivity,N2500_PS_parking_budget_Cmax100_I1.dat,parameter_sensitivity,PASS
extension,medium_large,parking_budget_cmax,10.0,GA,parameter_sensitivity,N2500_PS_parking_budget_Cmax100_I1.dat,parameter_sensitivity,PASS
extension,medium_large,parking_budget_cmax,10.0,Optimization,parameter_sensitivity,N2500_PS_parking_budget_Cmax100_I1.dat,parameter_sensitivity,PASS
extension,medium_large,parking_budget_cmax,10.0,PSO,parameter_sensitivity,N2500_PS_parking_budget_Cmax100_I1.dat,parameter_sensitivity,PASS
extension,medium_large,parking_budget_cmax,15.0,ACO,parameter_sensitivity,N2500_PS_parking_budget_Cmax150_I1.dat,parameter_sensitivity,PASS
extension,medium_large,parking_budget_cmax,15.0,GA,parameter_sensitivity,N2500_PS_parking_budget_Cmax150_I1.dat,parameter_sensitivity,PASS
extension,medium_large,parking_budget_cmax,15.0,Optimization,parameter_sensitivity,N2500_PS_parking_budget_Cmax150_I1.dat,parameter_sensitivity,PASS
extension,medium_large,parking_budget_cmax,15.0,PSO,parameter_sensitivity,N2500_PS_parking_budget_Cmax150_I1.dat,parameter_sensitivity,PASS
extension,medium_large,parking_budget_cmax,20.5,ACO,parameter_sensitivity,N2500_PS_parking_budget_Cmax205_I1.dat,parameter_sensitivity,PASS
extension,medium_large,parking_budget_cmax,20.5,GA,parameter_sensitivity,N2500_PS_parking_budget_Cmax205_I1.dat,parameter_sensitivity,PASS
extension,medium_large,parking_budget_cmax,20.5,Optimization,parameter_sensitivity,N2500_PS_parking_budget_Cmax205_I1.dat,parameter_sensitivity,PASS
extension,medium_large,parking_budget_cmax,20.5,PSO,parameter_sensitivity,N2500_PS_parking_budget_Cmax205_I1.dat,parameter_sensitivity,PASS
extension,medium_large,parking_budget_cmax,25.0,ACO,parameter_sensitivity,N2500_PS_parking_budget_Cmax250_I1.dat,parameter_sensitivity,PASS
extension,medium_large,parking_budget_cmax,25.0,GA,parameter_sensitivity,N2500_PS_parking_budget_Cmax250_I1.dat,parameter_sensitivity,PASS
extension,medium_large,parking_budget_cmax,25.0,Optimization,parameter_sensitivity,N2500_PS_parking_budget_Cmax250_I1.dat,parameter_sensitivity,PASS
extension,medium_large,parking_budget_cmax,25.0,PSO,parameter_sensitivity,N2500_PS_parking_budget_Cmax250_I1.dat,parameter_sensitivity,PASS
extension,medium_large,parking_cost_range,10.0,ACO,parameter_sensitivity,N2500_PS_parking_cost_100_225_I1.dat,parameter_sensitivity,PASS
extension,medium_large,parking_cost_range,10.0,GA,parameter_sensitivity,N2500_PS_parking_cost_100_225_I1.dat,parameter_sensitivity,PASS
extension,medium_large,parking_cost_range,10.0,Optimization,parameter_sensitivity,N2500_PS_parking_cost_100_225_I1.dat,parameter_sensitivity,PASS
extension,medium_large,parking_cost_range,10.0,PSO,parameter_sensitivity,N2500_PS_parking_cost_100_225_I1.dat,parameter_sensitivity,PASS
extension,medium_large,parking_cost_range,12.5,ACO,parameter_sensitivity,N2500_PS_parking_cost_125_250_I1.dat,parameter_sensitivity,PASS
extension,medium_large,parking_cost_range,12.5,GA,parameter_sensitivity,N2500_PS_parking_cost_125_250_I1.dat,parameter_sensitivity,PASS
extension,medium_large,parking_cost_range,12.5,Optimization,parameter_sensitivity,N2500_PS_parking_cost_125_250_I1.dat,parameter_sensitivity,PASS
extension,medium_large,parking_cost_range,12.5,PSO,parameter_sensitivity,N2500_PS_parking_cost_125_250_I1.dat,parameter_sensitivity,PASS
extension,medium_large,parking_cost_range,15.0,ACO,parameter_sensitivity,N2500_PS_parking_cost_150_300_I1.dat,parameter_sensitivity,PASS
extension,medium_large,parking_cost_range,15.0,GA,parameter_sensitivity,N2500_PS_parking_cost_150_300_I1.dat,parameter_sensitivity,PASS
extension,medium_large,parking_cost_range,15.0,Optimization,parameter_sensitivity,N2500_PS_parking_cost_150_300_I1.dat,parameter_sensitivity,PASS
extension,medium_large,parking_cost_range,15.0,PSO,parameter_sensitivity,N2500_PS_parking_cost_150_300_I1.dat,parameter_sensitivity,PASS
extension,medium_large,parking_cost_range,8.0,ACO,parameter_sensitivity,N2500_PS_parking_cost_80_205_I1.dat,parameter_sensitivity,PASS
extension,medium_large,parking_cost_range,8.0,GA,parameter_sensitivity,N2500_PS_parking_cost_80_205_I1.dat,parameter_sensitivity,PASS
extension,medium_large,parking_cost_range,8.0,Optimization,parameter_sensitivity,N2500_PS_parking_cost_80_205_I1.dat,parameter_sensitivity,PASS
extension,medium_large,parking_cost_range,8.0,PSO,parameter_sensitivity,N2500_PS_parking_cost_80_205_I1.dat,parameter_sensitivity,PASS
extension,medium_large,parking_spot_availability,10%,ACO,parameter_sensitivity,N2500_PS_spot_availability_A10_I1.dat,parameter_sensitivity,PASS
extension,medium_large,parking_spot_availability,10%,GA,parameter_sensitivity,N2500_PS_spot_availability_A10_I1.dat,parameter_sensitivity,PASS
extension,medium_large,parking_spot_availability,10%,Optimization,parameter_sensitivity,N2500_PS_spot_availability_A10_I1.dat,parameter_sensitivity,PASS
extension,medium_large,parking_spot_availability,10%,PSO,parameter_sensitivity,N2500_PS_spot_availability_A10_I1.dat,parameter_sensitivity,PASS
extension,medium_large,parking_spot_availability,20%,ACO,parameter_sensitivity,N2500_PS_spot_availability_A20_I1.dat,parameter_sensitivity,PASS
extension,medium_large,parking_spot_availability,20%,GA,parameter_sensitivity,N2500_PS_spot_availability_A20_I1.dat,parameter_sensitivity,PASS
extension,medium_large,parking_spot_availability,20%,Optimization,parameter_sensitivity,N2500_PS_spot_availability_A20_I1.dat,parameter_sensitivity,PASS
extension,medium_large,parking_spot_availability,20%,PSO,parameter_sensitivity,N2500_PS_spot_availability_A20_I1.dat,parameter_sensitivity,PASS
extension,medium_large,parking_spot_availability,30%,ACO,parameter_sensitivity,N2500_PS_spot_availability_A30_I1.dat,parameter_sensitivity,PASS
extension,medium_large,parking_spot_availability,30%,GA,parameter_sensitivity,N2500_PS_spot_availability_A30_I1.dat,parameter_sensitivity,PASS
extension,medium_large,parking_spot_availability,30%,Optimization,parameter_sensitivity,N2500_PS_spot_availability_A30_I1.dat,parameter_sensitivity,PASS
extension,medium_large,parking_spot_availability,30%,PSO,parameter_sensitivity,N2500_PS_spot_availability_A30_I1.dat,parameter_sensitivity,PASS
extension,medium_large,parking_spot_availability,40%,ACO,parameter_sensitivity,N2500_PS_spot_availability_A40_I1.dat,parameter_sensitivity,PASS
extension,medium_large,parking_spot_availability,40%,GA,parameter_sensitivity,N2500_PS_spot_availability_A40_I1.dat,parameter_sensitivity,PASS
extension,medium_large,parking_spot_availability,40%,Optimization,parameter_sensitivity,N2500_PS_spot_availability_A40_I1.dat,parameter_sensitivity,PASS
extension,medium_large,parking_spot_availability,40%,PSO,parameter_sensitivity,N2500_PS_spot_availability_A40_I1.dat,parameter_sensitivity,PASS
extension,medium_large,spots_per_lot,10,ACO,parameter_sensitivity,N2500_PS_spots_per_lot_S1020_I1.dat,parameter_sensitivity,PASS
extension,medium_large,spots_per_lot,10,GA,parameter_sensitivity,N2500_PS_spots_per_lot_S1020_I1.dat,parameter_sensitivity,PASS
extension,medium_large,spots_per_lot,10,Optimization,parameter_sensitivity,N2500_PS_spots_per_lot_S1020_I1.dat,parameter_sensitivity,PASS
extension,medium_large,spots_per_lot,10,PSO,parameter_sensitivity,N2500_PS_spots_per_lot_S1020_I1.dat,parameter_sensitivity,PASS
extension,medium_large,spots_per_lot,20,ACO,parameter_sensitivity,N2500_PS_spots_per_lot_S2040_I1.dat,parameter_sensitivity,PASS
extension,medium_large,spots_per_lot,20,GA,parameter_sensitivity,N2500_PS_spots_per_lot_S2040_I1.dat,parameter_sensitivity,PASS
extension,medium_large,spots_per_lot,20,Optimization,parameter_sensitivity,N2500_PS_spots_per_lot_S2040_I1.dat,parameter_sensitivity,PASS
extension,medium_large,spots_per_lot,20,PSO,parameter_sensitivity,N2500_PS_spots_per_lot_S2040_I1.dat,parameter_sensitivity,PASS
extension,medium_large,spots_per_lot,40,ACO,parameter_sensitivity,N2500_PS_spots_per_lot_S4060_I1.dat,parameter_sensitivity,PASS
extension,medium_large,spots_per_lot,40,GA,parameter_sensitivity,N2500_PS_spots_per_lot_S4060_I1.dat,parameter_sensitivity,PASS
extension,medium_large,spots_per_lot,40,Optimization,parameter_sensitivity,N2500_PS_spots_per_lot_S4060_I1.dat,parameter_sensitivity,PASS
extension,medium_large,spots_per_lot,40,PSO,parameter_sensitivity,N2500_PS_spots_per_lot_S4060_I1.dat,parameter_sensitivity,PASS
extension,medium_large,spots_per_lot,60,ACO,parameter_sensitivity,N2500_PS_spots_per_lot_S6080_I1.dat,parameter_sensitivity,PASS
extension,medium_large,spots_per_lot,60,GA,parameter_sensitivity,N2500_PS_spots_per_lot_S6080_I1.dat,parameter_sensitivity,PASS
extension,medium_large,spots_per_lot,60,Optimization,parameter_sensitivity,N2500_PS_spots_per_lot_S6080_I1.dat,parameter_sensitivity,PASS
extension,medium_large,spots_per_lot,60,PSO,parameter_sensitivity,N2500_PS_spots_per_lot_S6080_I1.dat,parameter_sensitivity,PASS
extension,medium_large,traffic_level,high,ACO,parameter_sensitivity,N2500_PS_traffic_high_I1.dat,parameter_sensitivity,PASS
extension,medium_large,traffic_level,high,GA,parameter_sensitivity,N2500_PS_traffic_high_I1.dat,parameter_sensitivity,PASS
extension,medium_large,traffic_level,high,Optimization,parameter_sensitivity,N2500_PS_traffic_high_I1.dat,parameter_sensitivity,PASS
extension,medium_large,traffic_level,high,PSO,parameter_sensitivity,N2500_PS_traffic_high_I1.dat,parameter_sensitivity,PASS
extension,medium_large,traffic_level,low,ACO,parameter_sensitivity,N2500_PS_traffic_low_I1.dat,parameter_sensitivity,PASS
extension,medium_large,traffic_level,low,GA,parameter_sensitivity,N2500_PS_traffic_low_I1.dat,parameter_sensitivity,PASS
extension,medium_large,traffic_level,low,Optimization,parameter_sensitivity,N2500_PS_traffic_low_I1.dat,parameter_sensitivity,PASS
extension,medium_large,traffic_level,low,PSO,parameter_sensitivity,N2500_PS_traffic_low_I1.dat,parameter_sensitivity,PASS
extension,medium_large,traffic_level,medium,ACO,parameter_sensitivity,N2500_PS_traffic_medium_I1.dat,parameter_sensitivity,PASS
extension,medium_large,traffic_level,medium,GA,parameter_sensitivity,N2500_PS_traffic_medium_I1.dat,parameter_sensitivity,PASS
extension,medium_large,traffic_level,medium,Optimization,parameter_sensitivity,N2500_PS_traffic_medium_I1.dat,parameter_sensitivity,PASS
extension,medium_large,traffic_level,medium,PSO,parameter_sensitivity,N2500_PS_traffic_medium_I1.dat,parameter_sensitivity,PASS
extension,medium_large,traffic_level,very_low,ACO,parameter_sensitivity,N2500_PS_traffic_very_low_I1.dat,parameter_sensitivity,PASS
extension,medium_large,traffic_level,very_low,GA,parameter_sensitivity,N2500_PS_traffic_very_low_I1.dat,parameter_sensitivity,PASS
extension,medium_large,traffic_level,very_low,Optimization,parameter_sensitivity,N2500_PS_traffic_very_low_I1.dat,parameter_sensitivity,PASS
extension,medium_large,traffic_level,very_low,PSO,parameter_sensitivity,N2500_PS_traffic_very_low_I1.dat,parameter_sensitivity,PASS
extension,small_scale,edge_density,180,ACO,parameter_sensitivity,N40_PS_edge_density_baseline_180_I1.dat,parameter_sensitivity,PASS
extension,small_scale,edge_density,180,GA,parameter_sensitivity,N40_PS_edge_density_baseline_180_I1.dat,parameter_sensitivity,PASS
extension,small_scale,edge_density,180,Optimization,parameter_sensitivity,N40_PS_edge_density_baseline_180_I1.dat,parameter_sensitivity,PASS
extension,small_scale,edge_density,180,PSO,parameter_sensitivity,N40_PS_edge_density_baseline_180_I1.dat,parameter_sensitivity,PASS
extension,small_scale,edge_density,192,ACO,parameter_sensitivity,N40_PS_edge_density_dense_192_I1.dat,parameter_sensitivity,PASS
extension,small_scale,edge_density,192,GA,parameter_sensitivity,N40_PS_edge_density_dense_192_I1.dat,parameter_sensitivity,PASS
extension,small_scale,edge_density,192,Optimization,parameter_sensitivity,N40_PS_edge_density_dense_192_I1.dat,parameter_sensitivity,PASS
extension,small_scale,edge_density,192,PSO,parameter_sensitivity,N40_PS_edge_density_dense_192_I1.dat,parameter_sensitivity,PASS
extension,small_scale,edge_density,204,ACO,parameter_sensitivity,N40_PS_edge_density_denser_204_I1.dat,parameter_sensitivity,PASS
extension,small_scale,edge_density,204,GA,parameter_sensitivity,N40_PS_edge_density_denser_204_I1.dat,parameter_sensitivity,PASS
extension,small_scale,edge_density,204,Optimization,parameter_sensitivity,N40_PS_edge_density_denser_204_I1.dat,parameter_sensitivity,PASS
extension,small_scale,edge_density,204,PSO,parameter_sensitivity,N40_PS_edge_density_denser_204_I1.dat,parameter_sensitivity,PASS
extension,small_scale,edge_density,216,ACO,parameter_sensitivity,N40_PS_edge_density_densest_216_I1.dat,parameter_sensitivity,PASS
extension,small_scale,edge_density,216,GA,parameter_sensitivity,N40_PS_edge_density_densest_216_I1.dat,parameter_sensitivity,PASS
extension,small_scale,edge_density,216,Optimization,parameter_sensitivity,N40_PS_edge_density_densest_216_I1.dat,parameter_sensitivity,PASS
extension,small_scale,edge_density,216,PSO,parameter_sensitivity,N40_PS_edge_density_densest_216_I1.dat,parameter_sensitivity,PASS
extension,small_scale,maximum_walking_distance,0.25,ACO,parameter_sensitivity,N40_PS_walking_distance_W025_I1.dat,parameter_sensitivity,PASS
extension,small_scale,maximum_walking_distance,0.25,GA,parameter_sensitivity,N40_PS_walking_distance_W025_I1.dat,parameter_sensitivity,PASS
extension,small_scale,maximum_walking_distance,0.25,Optimization,parameter_sensitivity,N40_PS_walking_distance_W025_I1.dat,parameter_sensitivity,PASS
extension,small_scale,maximum_walking_distance,0.25,PSO,parameter_sensitivity,N40_PS_walking_distance_W025_I1.dat,parameter_sensitivity,PASS
extension,small_scale,maximum_walking_distance,0.50,ACO,parameter_sensitivity,N40_PS_walking_distance_W050_I1.dat,parameter_sensitivity,PASS
extension,small_scale,maximum_walking_distance,0.50,GA,parameter_sensitivity,N40_PS_walking_distance_W050_I1.dat,parameter_sensitivity,PASS
extension,small_scale,maximum_walking_distance,0.50,Optimization,parameter_sensitivity,N40_PS_walking_distance_W050_I1.dat,parameter_sensitivity,PASS
extension,small_scale,maximum_walking_distance,0.50,PSO,parameter_sensitivity,N40_PS_walking_distance_W050_I1.dat,parameter_sensitivity,PASS
extension,small_scale,maximum_walking_distance,0.75,ACO,parameter_sensitivity,N40_PS_walking_distance_W075_I1.dat,parameter_sensitivity,PASS
extension,small_scale,maximum_walking_distance,0.75,GA,parameter_sensitivity,N40_PS_walking_distance_W075_I1.dat,parameter_sensitivity,PASS
extension,small_scale,maximum_walking_distance,0.75,Optimization,parameter_sensitivity,N40_PS_walking_distance_W075_I1.dat,parameter_sensitivity,PASS
extension,small_scale,maximum_walking_distance,0.75,PSO,parameter_sensitivity,N40_PS_walking_distance_W075_I1.dat,parameter_sensitivity,PASS
extension,small_scale,maximum_walking_distance,1.00,ACO,parameter_sensitivity,N40_PS_walking_distance_W100_I1.dat,parameter_sensitivity,PASS
extension,small_scale,maximum_walking_distance,1.00,GA,parameter_sensitivity,N40_PS_walking_distance_W100_I1.dat,parameter_sensitivity,PASS
extension,small_scale,maximum_walking_distance,1.00,Optimization,parameter_sensitivity,N40_PS_walking_distance_W100_I1.dat,parameter_sensitivity,PASS
extension,small_scale,maximum_walking_distance,1.00,PSO,parameter_sensitivity,N40_PS_walking_distance_W100_I1.dat,parameter_sensitivity,PASS
extension,small_scale,node_size,10,ACO,final_case,N10_C1_I1.dat,final_case,PASS
extension,small_scale,node_size,10,GA,final_case,N10_C1_I1.dat,final_case,PASS
extension,small_scale,node_size,10,Optimization,final_case,N10_C1_I1.dat,final_case,PASS
extension,small_scale,node_size,10,PSO,final_case,N10_C1_I1.dat,final_case,PASS
extension,small_scale,node_size,20,ACO,final_case,N20_C1_I1.dat,final_case,PASS
extension,small_scale,node_size,20,GA,final_case,N20_C1_I1.dat,final_case,PASS
extension,small_scale,node_size,20,Optimization,final_case,N20_C1_I1.dat,final_case,PASS
extension,small_scale,node_size,20,PSO,final_case,N20_C1_I1.dat,final_case,PASS
extension,small_scale,node_size,30,ACO,final_case,N30_C1_I1.dat,final_case,PASS
extension,small_scale,node_size,30,GA,final_case,N30_C1_I1.dat,final_case,PASS
extension,small_scale,node_size,30,Optimization,final_case,N30_C1_I1.dat,final_case,PASS
extension,small_scale,node_size,30,PSO,final_case,N30_C1_I1.dat,final_case,PASS
extension,small_scale,node_size,40,ACO,final_case,N40_C1_I1.dat,final_case,PASS
extension,small_scale,node_size,40,GA,final_case,N40_C1_I1.dat,final_case,PASS
extension,small_scale,node_size,40,Optimization,final_case,N40_C1_I1.dat,final_case,PASS
extension,small_scale,node_size,40,PSO,final_case,N40_C1_I1.dat,final_case,PASS
extension,small_scale,node_size,50,ACO,final_case,N50_C1_I1.dat,final_case,PASS
extension,small_scale,node_size,50,GA,final_case,N50_C1_I1.dat,final_case,PASS
extension,small_scale,node_size,50,Optimization,final_case,N50_C1_I1.dat,final_case,PASS
extension,small_scale,node_size,50,PSO,final_case,N50_C1_I1.dat,final_case,PASS
extension,small_scale,parking_budget_cmax,10.0,ACO,parameter_sensitivity,N40_PS_parking_budget_Cmax100_I1.dat,parameter_sensitivity,PASS
extension,small_scale,parking_budget_cmax,10.0,GA,parameter_sensitivity,N40_PS_parking_budget_Cmax100_I1.dat,parameter_sensitivity,PASS
extension,small_scale,parking_budget_cmax,10.0,Optimization,parameter_sensitivity,N40_PS_parking_budget_Cmax100_I1.dat,parameter_sensitivity,PASS
extension,small_scale,parking_budget_cmax,10.0,PSO,parameter_sensitivity,N40_PS_parking_budget_Cmax100_I1.dat,parameter_sensitivity,PASS
extension,small_scale,parking_budget_cmax,15.0,ACO,parameter_sensitivity,N40_PS_parking_budget_Cmax150_I1.dat,parameter_sensitivity,PASS
extension,small_scale,parking_budget_cmax,15.0,GA,parameter_sensitivity,N40_PS_parking_budget_Cmax150_I1.dat,parameter_sensitivity,PASS
extension,small_scale,parking_budget_cmax,15.0,Optimization,parameter_sensitivity,N40_PS_parking_budget_Cmax150_I1.dat,parameter_sensitivity,PASS
extension,small_scale,parking_budget_cmax,15.0,PSO,parameter_sensitivity,N40_PS_parking_budget_Cmax150_I1.dat,parameter_sensitivity,PASS
extension,small_scale,parking_budget_cmax,20.5,ACO,parameter_sensitivity,N40_PS_parking_budget_Cmax205_I1.dat,parameter_sensitivity,PASS
extension,small_scale,parking_budget_cmax,20.5,GA,parameter_sensitivity,N40_PS_parking_budget_Cmax205_I1.dat,parameter_sensitivity,PASS
extension,small_scale,parking_budget_cmax,20.5,Optimization,parameter_sensitivity,N40_PS_parking_budget_Cmax205_I1.dat,parameter_sensitivity,PASS
extension,small_scale,parking_budget_cmax,20.5,PSO,parameter_sensitivity,N40_PS_parking_budget_Cmax205_I1.dat,parameter_sensitivity,PASS
extension,small_scale,parking_budget_cmax,25.0,ACO,parameter_sensitivity,N40_PS_parking_budget_Cmax250_I1.dat,parameter_sensitivity,PASS
extension,small_scale,parking_budget_cmax,25.0,GA,parameter_sensitivity,N40_PS_parking_budget_Cmax250_I1.dat,parameter_sensitivity,PASS
extension,small_scale,parking_budget_cmax,25.0,Optimization,parameter_sensitivity,N40_PS_parking_budget_Cmax250_I1.dat,parameter_sensitivity,PASS
extension,small_scale,parking_budget_cmax,25.0,PSO,parameter_sensitivity,N40_PS_parking_budget_Cmax250_I1.dat,parameter_sensitivity,PASS
extension,small_scale,parking_cost_range,10.0,ACO,parameter_sensitivity,N40_PS_parking_cost_100_225_I1.dat,parameter_sensitivity,PASS
extension,small_scale,parking_cost_range,10.0,GA,parameter_sensitivity,N40_PS_parking_cost_100_225_I1.dat,parameter_sensitivity,PASS
extension,small_scale,parking_cost_range,10.0,Optimization,parameter_sensitivity,N40_PS_parking_cost_100_225_I1.dat,parameter_sensitivity,PASS
extension,small_scale,parking_cost_range,10.0,PSO,parameter_sensitivity,N40_PS_parking_cost_100_225_I1.dat,parameter_sensitivity,PASS
extension,small_scale,parking_cost_range,12.5,ACO,parameter_sensitivity,N40_PS_parking_cost_125_250_I1.dat,parameter_sensitivity,PASS
extension,small_scale,parking_cost_range,12.5,GA,parameter_sensitivity,N40_PS_parking_cost_125_250_I1.dat,parameter_sensitivity,PASS
extension,small_scale,parking_cost_range,12.5,Optimization,parameter_sensitivity,N40_PS_parking_cost_125_250_I1.dat,parameter_sensitivity,PASS
extension,small_scale,parking_cost_range,12.5,PSO,parameter_sensitivity,N40_PS_parking_cost_125_250_I1.dat,parameter_sensitivity,PASS
extension,small_scale,parking_cost_range,15.0,ACO,parameter_sensitivity,N40_PS_parking_cost_150_300_I1.dat,parameter_sensitivity,PASS
extension,small_scale,parking_cost_range,15.0,GA,parameter_sensitivity,N40_PS_parking_cost_150_300_I1.dat,parameter_sensitivity,PASS
extension,small_scale,parking_cost_range,15.0,Optimization,parameter_sensitivity,N40_PS_parking_cost_150_300_I1.dat,parameter_sensitivity,PASS
extension,small_scale,parking_cost_range,15.0,PSO,parameter_sensitivity,N40_PS_parking_cost_150_300_I1.dat,parameter_sensitivity,PASS
extension,small_scale,parking_cost_range,8.0,ACO,parameter_sensitivity,N40_PS_parking_cost_80_205_I1.dat,parameter_sensitivity,PASS
extension,small_scale,parking_cost_range,8.0,GA,parameter_sensitivity,N40_PS_parking_cost_80_205_I1.dat,parameter_sensitivity,PASS
extension,small_scale,parking_cost_range,8.0,Optimization,parameter_sensitivity,N40_PS_parking_cost_80_205_I1.dat,parameter_sensitivity,PASS
extension,small_scale,parking_cost_range,8.0,PSO,parameter_sensitivity,N40_PS_parking_cost_80_205_I1.dat,parameter_sensitivity,PASS
extension,small_scale,parking_spot_availability,10%,ACO,parameter_sensitivity,N40_PS_spot_availability_A10_I1.dat,parameter_sensitivity,PASS
extension,small_scale,parking_spot_availability,10%,GA,parameter_sensitivity,N40_PS_spot_availability_A10_I1.dat,parameter_sensitivity,PASS
extension,small_scale,parking_spot_availability,10%,Optimization,parameter_sensitivity,N40_PS_spot_availability_A10_I1.dat,parameter_sensitivity,PASS
extension,small_scale,parking_spot_availability,10%,PSO,parameter_sensitivity,N40_PS_spot_availability_A10_I1.dat,parameter_sensitivity,PASS
extension,small_scale,parking_spot_availability,20%,ACO,parameter_sensitivity,N40_PS_spot_availability_A20_I1.dat,parameter_sensitivity,PASS
extension,small_scale,parking_spot_availability,20%,GA,parameter_sensitivity,N40_PS_spot_availability_A20_I1.dat,parameter_sensitivity,PASS
extension,small_scale,parking_spot_availability,20%,Optimization,parameter_sensitivity,N40_PS_spot_availability_A20_I1.dat,parameter_sensitivity,PASS
extension,small_scale,parking_spot_availability,20%,PSO,parameter_sensitivity,N40_PS_spot_availability_A20_I1.dat,parameter_sensitivity,PASS
extension,small_scale,parking_spot_availability,30%,ACO,parameter_sensitivity,N40_PS_spot_availability_A30_I1.dat,parameter_sensitivity,PASS
extension,small_scale,parking_spot_availability,30%,GA,parameter_sensitivity,N40_PS_spot_availability_A30_I1.dat,parameter_sensitivity,PASS
extension,small_scale,parking_spot_availability,30%,Optimization,parameter_sensitivity,N40_PS_spot_availability_A30_I1.dat,parameter_sensitivity,PASS
extension,small_scale,parking_spot_availability,30%,PSO,parameter_sensitivity,N40_PS_spot_availability_A30_I1.dat,parameter_sensitivity,PASS
extension,small_scale,parking_spot_availability,40%,ACO,parameter_sensitivity,N40_PS_spot_availability_A40_I1.dat,parameter_sensitivity,PASS
extension,small_scale,parking_spot_availability,40%,GA,parameter_sensitivity,N40_PS_spot_availability_A40_I1.dat,parameter_sensitivity,PASS
extension,small_scale,parking_spot_availability,40%,Optimization,parameter_sensitivity,N40_PS_spot_availability_A40_I1.dat,parameter_sensitivity,PASS
extension,small_scale,parking_spot_availability,40%,PSO,parameter_sensitivity,N40_PS_spot_availability_A40_I1.dat,parameter_sensitivity,PASS
extension,small_scale,spots_per_lot,10,ACO,parameter_sensitivity,N40_PS_spots_per_lot_S1020_I1.dat,parameter_sensitivity,PASS
extension,small_scale,spots_per_lot,10,GA,parameter_sensitivity,N40_PS_spots_per_lot_S1020_I1.dat,parameter_sensitivity,PASS
extension,small_scale,spots_per_lot,10,Optimization,parameter_sensitivity,N40_PS_spots_per_lot_S1020_I1.dat,parameter_sensitivity,PASS
extension,small_scale,spots_per_lot,10,PSO,parameter_sensitivity,N40_PS_spots_per_lot_S1020_I1.dat,parameter_sensitivity,PASS
extension,small_scale,spots_per_lot,20,ACO,parameter_sensitivity,N40_PS_spots_per_lot_S2040_I1.dat,parameter_sensitivity,PASS
extension,small_scale,spots_per_lot,20,GA,parameter_sensitivity,N40_PS_spots_per_lot_S2040_I1.dat,parameter_sensitivity,PASS
extension,small_scale,spots_per_lot,20,Optimization,parameter_sensitivity,N40_PS_spots_per_lot_S2040_I1.dat,parameter_sensitivity,PASS
extension,small_scale,spots_per_lot,20,PSO,parameter_sensitivity,N40_PS_spots_per_lot_S2040_I1.dat,parameter_sensitivity,PASS
extension,small_scale,spots_per_lot,40,ACO,parameter_sensitivity,N40_PS_spots_per_lot_S4060_I1.dat,parameter_sensitivity,PASS
extension,small_scale,spots_per_lot,40,GA,parameter_sensitivity,N40_PS_spots_per_lot_S4060_I1.dat,parameter_sensitivity,PASS
extension,small_scale,spots_per_lot,40,Optimization,parameter_sensitivity,N40_PS_spots_per_lot_S4060_I1.dat,parameter_sensitivity,PASS
extension,small_scale,spots_per_lot,40,PSO,parameter_sensitivity,N40_PS_spots_per_lot_S4060_I1.dat,parameter_sensitivity,PASS
extension,small_scale,spots_per_lot,60,ACO,parameter_sensitivity,N40_PS_spots_per_lot_S6080_I1.dat,parameter_sensitivity,PASS
extension,small_scale,spots_per_lot,60,GA,parameter_sensitivity,N40_PS_spots_per_lot_S6080_I1.dat,parameter_sensitivity,PASS
extension,small_scale,spots_per_lot,60,Optimization,parameter_sensitivity,N40_PS_spots_per_lot_S6080_I1.dat,parameter_sensitivity,PASS
extension,small_scale,spots_per_lot,60,PSO,parameter_sensitivity,N40_PS_spots_per_lot_S6080_I1.dat,parameter_sensitivity,PASS
extension,small_scale,traffic_level,high,ACO,parameter_sensitivity,N40_PS_traffic_high_I1.dat,parameter_sensitivity,PASS
extension,small_scale,traffic_level,high,GA,parameter_sensitivity,N40_PS_traffic_high_I1.dat,parameter_sensitivity,PASS
extension,small_scale,traffic_level,high,Optimization,parameter_sensitivity,N40_PS_traffic_high_I1.dat,parameter_sensitivity,PASS
extension,small_scale,traffic_level,high,PSO,parameter_sensitivity,N40_PS_traffic_high_I1.dat,parameter_sensitivity,PASS
extension,small_scale,traffic_level,low,ACO,parameter_sensitivity,N40_PS_traffic_low_I1.dat,parameter_sensitivity,PASS
extension,small_scale,traffic_level,low,GA,parameter_sensitivity,N40_PS_traffic_low_I1.dat,parameter_sensitivity,PASS
extension,small_scale,traffic_level,low,Optimization,parameter_sensitivity,N40_PS_traffic_low_I1.dat,parameter_sensitivity,PASS
extension,small_scale,traffic_level,low,PSO,parameter_sensitivity,N40_PS_traffic_low_I1.dat,parameter_sensitivity,PASS
extension,small_scale,traffic_level,medium,ACO,parameter_sensitivity,N40_PS_traffic_medium_I1.dat,parameter_sensitivity,PASS
extension,small_scale,traffic_level,medium,GA,parameter_sensitivity,N40_PS_traffic_medium_I1.dat,parameter_sensitivity,PASS
extension,small_scale,traffic_level,medium,Optimization,parameter_sensitivity,N40_PS_traffic_medium_I1.dat,parameter_sensitivity,PASS
extension,small_scale,traffic_level,medium,PSO,parameter_sensitivity,N40_PS_traffic_medium_I1.dat,parameter_sensitivity,PASS
extension,small_scale,traffic_level,very_low,ACO,parameter_sensitivity,N40_PS_traffic_very_low_I1.dat,parameter_sensitivity,PASS
extension,small_scale,traffic_level,very_low,GA,parameter_sensitivity,N40_PS_traffic_very_low_I1.dat,parameter_sensitivity,PASS
extension,small_scale,traffic_level,very_low,Optimization,parameter_sensitivity,N40_PS_traffic_very_low_I1.dat,parameter_sensitivity,PASS
extension,small_scale,traffic_level,very_low,PSO,parameter_sensitivity,N40_PS_traffic_very_low_I1.dat,parameter_sensitivity,PASS
extension,sumo,edge_density,5385,ACO,parameter_sensitivity,N2055_PS_edge_density_baseline_5385_I1.dat,parameter_sensitivity,PASS
extension,sumo,edge_density,5385,GA,parameter_sensitivity,N2055_PS_edge_density_baseline_5385_I1.dat,parameter_sensitivity,PASS
extension,sumo,edge_density,5385,Optimization,parameter_sensitivity,N2055_PS_edge_density_baseline_5385_I1.dat,parameter_sensitivity,PASS
extension,sumo,edge_density,5385,PSO,parameter_sensitivity,N2055_PS_edge_density_baseline_5385_I1.dat,parameter_sensitivity,PASS
extension,sumo,edge_density,6069,ACO,parameter_sensitivity,N2055_PS_edge_density_dense_6069_I1.dat,parameter_sensitivity,PASS
extension,sumo,edge_density,6069,GA,parameter_sensitivity,N2055_PS_edge_density_dense_6069_I1.dat,parameter_sensitivity,PASS
extension,sumo,edge_density,6069,Optimization,parameter_sensitivity,N2055_PS_edge_density_dense_6069_I1.dat,parameter_sensitivity,PASS
extension,sumo,edge_density,6069,PSO,parameter_sensitivity,N2055_PS_edge_density_dense_6069_I1.dat,parameter_sensitivity,PASS
extension,sumo,edge_density,6753,ACO,parameter_sensitivity,N2055_PS_edge_density_denser_6753_I1.dat,parameter_sensitivity,PASS
extension,sumo,edge_density,6753,GA,parameter_sensitivity,N2055_PS_edge_density_denser_6753_I1.dat,parameter_sensitivity,PASS
extension,sumo,edge_density,6753,Optimization,parameter_sensitivity,N2055_PS_edge_density_denser_6753_I1.dat,parameter_sensitivity,PASS
extension,sumo,edge_density,6753,PSO,parameter_sensitivity,N2055_PS_edge_density_denser_6753_I1.dat,parameter_sensitivity,PASS
extension,sumo,edge_density,7437,ACO,parameter_sensitivity,N2055_PS_edge_density_densest_7437_I1.dat,parameter_sensitivity,PASS
extension,sumo,edge_density,7437,GA,parameter_sensitivity,N2055_PS_edge_density_densest_7437_I1.dat,parameter_sensitivity,PASS
extension,sumo,edge_density,7437,Optimization,parameter_sensitivity,N2055_PS_edge_density_densest_7437_I1.dat,parameter_sensitivity,PASS
extension,sumo,edge_density,7437,PSO,parameter_sensitivity,N2055_PS_edge_density_densest_7437_I1.dat,parameter_sensitivity,PASS
extension,sumo,maximum_walking_distance,0.25,ACO,parameter_sensitivity,N2055_PS_walking_distance_W025_I1.dat,parameter_sensitivity,PASS
extension,sumo,maximum_walking_distance,0.25,GA,parameter_sensitivity,N2055_PS_walking_distance_W025_I1.dat,parameter_sensitivity,PASS
extension,sumo,maximum_walking_distance,0.25,Optimization,parameter_sensitivity,N2055_PS_walking_distance_W025_I1.dat,parameter_sensitivity,PASS
extension,sumo,maximum_walking_distance,0.25,PSO,parameter_sensitivity,N2055_PS_walking_distance_W025_I1.dat,parameter_sensitivity,PASS
extension,sumo,maximum_walking_distance,0.50,ACO,parameter_sensitivity,N2055_PS_walking_distance_W050_I1.dat,parameter_sensitivity,PASS
extension,sumo,maximum_walking_distance,0.50,GA,parameter_sensitivity,N2055_PS_walking_distance_W050_I1.dat,parameter_sensitivity,PASS
extension,sumo,maximum_walking_distance,0.50,Optimization,parameter_sensitivity,N2055_PS_walking_distance_W050_I1.dat,parameter_sensitivity,PASS
extension,sumo,maximum_walking_distance,0.50,PSO,parameter_sensitivity,N2055_PS_walking_distance_W050_I1.dat,parameter_sensitivity,PASS
extension,sumo,maximum_walking_distance,0.75,ACO,parameter_sensitivity,N2055_PS_walking_distance_W075_I1.dat,parameter_sensitivity,PASS
extension,sumo,maximum_walking_distance,0.75,GA,parameter_sensitivity,N2055_PS_walking_distance_W075_I1.dat,parameter_sensitivity,PASS
extension,sumo,maximum_walking_distance,0.75,Optimization,parameter_sensitivity,N2055_PS_walking_distance_W075_I1.dat,parameter_sensitivity,PASS
extension,sumo,maximum_walking_distance,0.75,PSO,parameter_sensitivity,N2055_PS_walking_distance_W075_I1.dat,parameter_sensitivity,PASS
extension,sumo,maximum_walking_distance,1.00,ACO,parameter_sensitivity,N2055_PS_walking_distance_W100_I1.dat,parameter_sensitivity,PASS
extension,sumo,maximum_walking_distance,1.00,GA,parameter_sensitivity,N2055_PS_walking_distance_W100_I1.dat,parameter_sensitivity,PASS
extension,sumo,maximum_walking_distance,1.00,Optimization,parameter_sensitivity,N2055_PS_walking_distance_W100_I1.dat,parameter_sensitivity,PASS
extension,sumo,maximum_walking_distance,1.00,PSO,parameter_sensitivity,N2055_PS_walking_distance_W100_I1.dat,parameter_sensitivity,PASS
extension,sumo,parking_budget_cmax,10.0,ACO,parameter_sensitivity,N2055_PS_parking_budget_Cmax100_I1.dat,parameter_sensitivity,PASS
extension,sumo,parking_budget_cmax,10.0,GA,parameter_sensitivity,N2055_PS_parking_budget_Cmax100_I1.dat,parameter_sensitivity,PASS
extension,sumo,parking_budget_cmax,10.0,Optimization,parameter_sensitivity,N2055_PS_parking_budget_Cmax100_I1.dat,parameter_sensitivity,PASS
extension,sumo,parking_budget_cmax,10.0,PSO,parameter_sensitivity,N2055_PS_parking_budget_Cmax100_I1.dat,parameter_sensitivity,PASS
extension,sumo,parking_budget_cmax,15.0,ACO,parameter_sensitivity,N2055_PS_parking_budget_Cmax150_I1.dat,parameter_sensitivity,PASS
extension,sumo,parking_budget_cmax,15.0,GA,parameter_sensitivity,N2055_PS_parking_budget_Cmax150_I1.dat,parameter_sensitivity,PASS
extension,sumo,parking_budget_cmax,15.0,PSO,parameter_sensitivity,N2055_PS_parking_budget_Cmax150_I1.dat,parameter_sensitivity,PASS
extension,sumo,parking_budget_cmax,20.5,ACO,parameter_sensitivity,N2055_PS_parking_budget_Cmax205_I1.dat,parameter_sensitivity,PASS
extension,sumo,parking_budget_cmax,20.5,GA,parameter_sensitivity,N2055_PS_parking_budget_Cmax205_I1.dat,parameter_sensitivity,PASS
extension,sumo,parking_budget_cmax,20.5,Optimization,parameter_sensitivity,N2055_PS_parking_budget_Cmax205_I1.dat,parameter_sensitivity,PASS
extension,sumo,parking_budget_cmax,20.5,PSO,parameter_sensitivity,N2055_PS_parking_budget_Cmax205_I1.dat,parameter_sensitivity,PASS
extension,sumo,parking_budget_cmax,25.0,ACO,parameter_sensitivity,N2055_PS_parking_budget_Cmax250_I1.dat,parameter_sensitivity,PASS
extension,sumo,parking_budget_cmax,25.0,GA,parameter_sensitivity,N2055_PS_parking_budget_Cmax250_I1.dat,parameter_sensitivity,PASS
extension,sumo,parking_budget_cmax,25.0,Optimization,parameter_sensitivity,N2055_PS_parking_budget_Cmax250_I1.dat,parameter_sensitivity,PASS
extension,sumo,parking_budget_cmax,25.0,PSO,parameter_sensitivity,N2055_PS_parking_budget_Cmax250_I1.dat,parameter_sensitivity,PASS
extension,sumo,parking_cost_range,10.0,ACO,parameter_sensitivity,N2055_PS_parking_cost_100_225_I1.dat,parameter_sensitivity,PASS
extension,sumo,parking_cost_range,10.0,GA,parameter_sensitivity,N2055_PS_parking_cost_100_225_I1.dat,parameter_sensitivity,PASS
extension,sumo,parking_cost_range,10.0,Optimization,parameter_sensitivity,N2055_PS_parking_cost_100_225_I1.dat,parameter_sensitivity,PASS
extension,sumo,parking_cost_range,10.0,PSO,parameter_sensitivity,N2055_PS_parking_cost_100_225_I1.dat,parameter_sensitivity,PASS
extension,sumo,parking_cost_range,12.5,ACO,parameter_sensitivity,N2055_PS_parking_cost_125_250_I1.dat,parameter_sensitivity,PASS
extension,sumo,parking_cost_range,12.5,GA,parameter_sensitivity,N2055_PS_parking_cost_125_250_I1.dat,parameter_sensitivity,PASS
extension,sumo,parking_cost_range,12.5,Optimization,parameter_sensitivity,N2055_PS_parking_cost_125_250_I1.dat,parameter_sensitivity,PASS
extension,sumo,parking_cost_range,12.5,PSO,parameter_sensitivity,N2055_PS_parking_cost_125_250_I1.dat,parameter_sensitivity,PASS
extension,sumo,parking_cost_range,15.0,ACO,parameter_sensitivity,N2055_PS_parking_cost_150_300_I1.dat,parameter_sensitivity,PASS
extension,sumo,parking_cost_range,15.0,GA,parameter_sensitivity,N2055_PS_parking_cost_150_300_I1.dat,parameter_sensitivity,PASS
extension,sumo,parking_cost_range,15.0,Optimization,parameter_sensitivity,N2055_PS_parking_cost_150_300_I1.dat,parameter_sensitivity,PASS
extension,sumo,parking_cost_range,15.0,PSO,parameter_sensitivity,N2055_PS_parking_cost_150_300_I1.dat,parameter_sensitivity,PASS
extension,sumo,parking_cost_range,8.0,ACO,parameter_sensitivity,N2055_PS_parking_cost_80_205_I1.dat,parameter_sensitivity,PASS
extension,sumo,parking_cost_range,8.0,GA,parameter_sensitivity,N2055_PS_parking_cost_80_205_I1.dat,parameter_sensitivity,PASS
extension,sumo,parking_cost_range,8.0,Optimization,parameter_sensitivity,N2055_PS_parking_cost_80_205_I1.dat,parameter_sensitivity,PASS
extension,sumo,parking_cost_range,8.0,PSO,parameter_sensitivity,N2055_PS_parking_cost_80_205_I1.dat,parameter_sensitivity,PASS
extension,sumo,parking_spot_availability,10%,ACO,parameter_sensitivity,N2055_PS_spot_availability_A10_I1.dat,parameter_sensitivity,PASS
extension,sumo,parking_spot_availability,10%,GA,parameter_sensitivity,N2055_PS_spot_availability_A10_I1.dat,parameter_sensitivity,PASS
extension,sumo,parking_spot_availability,10%,Optimization,parameter_sensitivity,N2055_PS_spot_availability_A10_I1.dat,parameter_sensitivity,PASS
extension,sumo,parking_spot_availability,10%,PSO,parameter_sensitivity,N2055_PS_spot_availability_A10_I1.dat,parameter_sensitivity,PASS
extension,sumo,parking_spot_availability,20%,ACO,parameter_sensitivity,N2055_PS_spot_availability_A20_I1.dat,parameter_sensitivity,PASS
extension,sumo,parking_spot_availability,20%,GA,parameter_sensitivity,N2055_PS_spot_availability_A20_I1.dat,parameter_sensitivity,PASS
extension,sumo,parking_spot_availability,20%,Optimization,parameter_sensitivity,N2055_PS_spot_availability_A20_I1.dat,parameter_sensitivity,PASS
extension,sumo,parking_spot_availability,20%,PSO,parameter_sensitivity,N2055_PS_spot_availability_A20_I1.dat,parameter_sensitivity,PASS
extension,sumo,parking_spot_availability,30%,ACO,parameter_sensitivity,N2055_PS_spot_availability_A30_I1.dat,parameter_sensitivity,PASS
extension,sumo,parking_spot_availability,30%,GA,parameter_sensitivity,N2055_PS_spot_availability_A30_I1.dat,parameter_sensitivity,PASS
extension,sumo,parking_spot_availability,30%,Optimization,parameter_sensitivity,N2055_PS_spot_availability_A30_I1.dat,parameter_sensitivity,PASS
extension,sumo,parking_spot_availability,30%,PSO,parameter_sensitivity,N2055_PS_spot_availability_A30_I1.dat,parameter_sensitivity,PASS
extension,sumo,parking_spot_availability,40%,ACO,parameter_sensitivity,N2055_PS_spot_availability_A40_I1.dat,parameter_sensitivity,PASS
extension,sumo,parking_spot_availability,40%,GA,parameter_sensitivity,N2055_PS_spot_availability_A40_I1.dat,parameter_sensitivity,PASS
extension,sumo,parking_spot_availability,40%,Optimization,parameter_sensitivity,N2055_PS_spot_availability_A40_I1.dat,parameter_sensitivity,PASS
extension,sumo,parking_spot_availability,40%,PSO,parameter_sensitivity,N2055_PS_spot_availability_A40_I1.dat,parameter_sensitivity,PASS
extension,sumo,spots_per_lot,10,ACO,parameter_sensitivity,N2055_PS_spots_per_lot_S1020_I1.dat,parameter_sensitivity,PASS
extension,sumo,spots_per_lot,10,GA,parameter_sensitivity,N2055_PS_spots_per_lot_S1020_I1.dat,parameter_sensitivity,PASS
extension,sumo,spots_per_lot,10,Optimization,parameter_sensitivity,N2055_PS_spots_per_lot_S1020_I1.dat,parameter_sensitivity,PASS
extension,sumo,spots_per_lot,10,PSO,parameter_sensitivity,N2055_PS_spots_per_lot_S1020_I1.dat,parameter_sensitivity,PASS
extension,sumo,spots_per_lot,20,ACO,parameter_sensitivity,N2055_PS_spots_per_lot_S2040_I1.dat,parameter_sensitivity,PASS
extension,sumo,spots_per_lot,20,GA,parameter_sensitivity,N2055_PS_spots_per_lot_S2040_I1.dat,parameter_sensitivity,PASS
extension,sumo,spots_per_lot,20,Optimization,parameter_sensitivity,N2055_PS_spots_per_lot_S2040_I1.dat,parameter_sensitivity,PASS
extension,sumo,spots_per_lot,20,PSO,parameter_sensitivity,N2055_PS_spots_per_lot_S2040_I1.dat,parameter_sensitivity,PASS
extension,sumo,spots_per_lot,40,ACO,parameter_sensitivity,N2055_PS_spots_per_lot_S4060_I1.dat,parameter_sensitivity,PASS
extension,sumo,spots_per_lot,40,GA,parameter_sensitivity,N2055_PS_spots_per_lot_S4060_I1.dat,parameter_sensitivity,PASS
extension,sumo,spots_per_lot,40,Optimization,parameter_sensitivity,N2055_PS_spots_per_lot_S4060_I1.dat,parameter_sensitivity,PASS
extension,sumo,spots_per_lot,40,PSO,parameter_sensitivity,N2055_PS_spots_per_lot_S4060_I1.dat,parameter_sensitivity,PASS
extension,sumo,spots_per_lot,60,ACO,parameter_sensitivity,N2055_PS_spots_per_lot_S6080_I1.dat,parameter_sensitivity,PASS
extension,sumo,spots_per_lot,60,GA,parameter_sensitivity,N2055_PS_spots_per_lot_S6080_I1.dat,parameter_sensitivity,PASS
extension,sumo,spots_per_lot,60,Optimization,parameter_sensitivity,N2055_PS_spots_per_lot_S6080_I1.dat,parameter_sensitivity,PASS
extension,sumo,spots_per_lot,60,PSO,parameter_sensitivity,N2055_PS_spots_per_lot_S6080_I1.dat,parameter_sensitivity,PASS
extension,sumo,traffic_level,high,ACO,parameter_sensitivity,N2055_PS_traffic_high_I1.dat,parameter_sensitivity,PASS
extension,sumo,traffic_level,high,GA,parameter_sensitivity,N2055_PS_traffic_high_I1.dat,parameter_sensitivity,PASS
extension,sumo,traffic_level,high,Optimization,parameter_sensitivity,N2055_PS_traffic_high_I1.dat,parameter_sensitivity,PASS
extension,sumo,traffic_level,high,PSO,parameter_sensitivity,N2055_PS_traffic_high_I1.dat,parameter_sensitivity,PASS
extension,sumo,traffic_level,low,ACO,parameter_sensitivity,N2055_PS_traffic_low_I1.dat,parameter_sensitivity,PASS
extension,sumo,traffic_level,low,GA,parameter_sensitivity,N2055_PS_traffic_low_I1.dat,parameter_sensitivity,PASS
extension,sumo,traffic_level,low,Optimization,parameter_sensitivity,N2055_PS_traffic_low_I1.dat,parameter_sensitivity,PASS
extension,sumo,traffic_level,low,PSO,parameter_sensitivity,N2055_PS_traffic_low_I1.dat,parameter_sensitivity,PASS
extension,sumo,traffic_level,medium,ACO,parameter_sensitivity,N2055_PS_traffic_medium_I1.dat,parameter_sensitivity,PASS
extension,sumo,traffic_level,medium,GA,parameter_sensitivity,N2055_PS_traffic_medium_I1.dat,parameter_sensitivity,PASS
extension,sumo,traffic_level,medium,Optimization,parameter_sensitivity,N2055_PS_traffic_medium_I1.dat,parameter_sensitivity,PASS
extension,sumo,traffic_level,medium,PSO,parameter_sensitivity,N2055_PS_traffic_medium_I1.dat,parameter_sensitivity,PASS
extension,sumo,traffic_level,very_low,ACO,parameter_sensitivity,N2055_PS_traffic_very_low_I1.dat,parameter_sensitivity,PASS
extension,sumo,traffic_level,very_low,GA,parameter_sensitivity,N2055_PS_traffic_very_low_I1.dat,parameter_sensitivity,PASS
extension,sumo,traffic_level,very_low,Optimization,parameter_sensitivity,N2055_PS_traffic_very_low_I1.dat,parameter_sensitivity,PASS
extension,sumo,traffic_level,very_low,PSO,parameter_sensitivity,N2055_PS_traffic_very_low_I1.dat,parameter_sensitivity,PASS
