node_id,x,y
10054964230,1615.53,3828.38
10117541313,6570.04,2532.69
10117541314,6854.48,2309.01
10129296995,7055.81,2749.62
1013323718,7483.18,1388.28
1013323719,7409.16,1447.5
10136635288,7493.33,3500.21
1019435810,3367.77,1817.62
1019435828,3608.23,1447.72
10220643198,7589.92,3528.27
10220643199,7596.41,3526.8
10538055453,1392.59,1914.43
10627514428,6541.57,2973.04
10845048005,5316.61,2512.43
1111318641,4297.8,5425.87
11118327803,3754.8,5786.82
11154333393,3778.66,5638.61
11195990511,4371.25,3907.42
11386320240,3128.69,2736.67
11386320244,3043.64,2695.63
114158636,2803.44,5576.49
114197516,3213.99,3891.95
114197525,3345.56,3822.83
114197533,3583.16,3514.82
114197545,3746.79,3244.14
114197616,4944.79,1303.91
11970617687,2421.15,4807.93
11989097530,1642.27,2033.25
11999409402,5659.83,3552.72
12034992496,6014.58,5192.91
12035072774,5365.15,3559.86
12035072775,5142.66,3655.91
12044128826,2578.07,1343.32
12044992548,4518.31,5191.74
12052070210,3946.72,4747.72
12052070211,3939.16,4786.53
12054185208,4088.63,3696.2
12073327064,2639.55,4083.8
12134911232,6081.3,1256.97
12346588499,5393.68,3670.7
12364195171,2227.21,3786.01
12662559492,7798.4,3988.0
12697044460,7981.28,4105.56
12701599108,4112.51,1329.39
12708745103,7220.08,3638.95
12751376331,8115.86,2315.5
12751376389,7958.38,2127.74
12751376390,7941.52,2101.97
12751376391,8006.88,2206.91
12751665809,7900.33,2241.05
12761537057,4049.25,4089.23
12761537058,4152.68,4057.68
12761537059,4238.73,3988.14
12782278410,2840.02,5595.44
12802051734,2726.73,5530.35
12803499336,6937.06,3354.02
12813288166,2431.94,3915.54
12816306815,4694.76,1536.67
12824679027,1498.11,3266.28
12912059504,6982.78,2210.41
12968776798,984.93,5365.22
12969191289,7476.56,1357.23
12976074114,3571.15,1343.64
12976074115,3564.19,1357.77
12993728887,5515.64,2150.45
13015332260,1468.47,1950.9
13017180080,1081.18,1768.46
13017180081,1016.76,1737.14
13033241463,1789.0,2795.74
13072530262,3815.67,5404.73
13077532485,1181.46,3278.61
13081115612,1070.94,3225.0
1309577633-AddedOffRampNode,7554.62,5712.85
13105386589,1249.07,3689.93
13119677318,2592.91,4488.54
13130143614,6876.45,2988.17
13131909136,5490.13,5421.05
13131909139,5140.66,5555.55
13236828792,3521.14,5334.18
13236828793,3477.83,5394.29
13251917735,4742.13,1514.91
13252209958,7603.04,1680.58
13264826401,4931.31,3590.25
13266867432,5122.81,2101.93
13277070109,4430.9,3938.35
13301907136,4439.54,3877.45
13315820512,4514.74,4128.51
13319810686,4627.87,5483.65
13319810691,4337.68,5911.09
13322081229,6454.86,1668.22
13329574191,4546.47,3431.8
13329633884,6391.63,2672.0
13329633893,2128.88,4417.37
13329633894,2061.63,4361.36
13329633895,1999.01,4303.9
13329633896,1133.8,4048.99
13329633897,1479.39,3909.04
13329633898,1718.79,4014.77
13329633899,1769.91,4067.46
13329633900,1834.56,4133.47
13329684337,6490.09,1598.52
13329700701,1883.21,4183.9
13329700713,7769.08,3967.18
13329700730,4358.01,3382.88
13329700737,4325.41,3457.26
13329700738,4310.16,3488.09
13329700752,4235.93,3638.91
13329700764,7870.17,4038.8
13330071529,4720.74,3517.05
1334076400,3876.48,5863.1
13350672184,2643.84,5866.32
13382612921,4525.68,4152.66
13382612922,4543.94,4193.72
13432233936,4769.23,4573.15
1349947413,5128.22,4266.14
1463004904,6110.64,2669.18
1463979935,6374.61,3842.05
1474005612,3151.58,5650.2
1475138181,6198.74,2478.03
1475151214,5439.65,2829.68
1481954812,4956.07,2757.27
1489268449,7225.19,3496.73
1489637009,6673.72,3209.04
1489841889,7202.45,2653.74
1489841890,7057.48,2566.88
1507472822,7650.79,2497.63
1507618123,5727.82,3193.28
1507618124,5668.62,3232.81
1509407617,6522.62,3059.01
1514664671,5627.33,4582.53
1514895831,7277.74,2910.88
1534614712,6200.01,2549.35
1543039530,5545.57,3149.1
15434359,3783.96,5606.21
15434363,4012.37,4429.88
15434374,6044.32,3401.59
15434380,7005.28,2913.79
1544266225,6466.04,2667.7
1544446031,4217.83,4579.6
1545816723,5095.42,2973.36
1546157809,6577.1,5198.29
1549904502,4843.29,3454.9
1553050146,5385.42,4778.57
1553072112,5206.06,5363.59
1553072912,5308.1,4842.65
1553073708,5837.35,4317.36
1553074296,5771.16,4401.22
1553079107,6529.05,5728.95
1553391593,7135.86,4188.03
1557145390,5691.5,1881.93
1564571441,7472.43,1820.63
1570470755,4560.9,5566.17
1572274220,2709.19,4642.34
1572274226,2374.32,4651.31
1572274240,2372.21,4683.66
1572274258,2772.85,4713.45
1572274262,2344.34,4715.49
1572274271,2404.81,4727.55
1572274779,1824.15,5164.99
1573617448,4591.8,3810.77
1575070781,4691.31,3765.99
1575070785,4822.21,3695.09
1575070800,4866.25,3659.42
1577628832,1771.58,3941.49
1578545606,5835.67,3010.24
1578545678,5875.78,3100.89
1583473982,3855.21,4319.71
1587958288,6944.54,1549.49
1588087912,7686.63,2804.24
1588087948,7779.87,2910.35
1588088092,7246.7,3122.94
1588088186,7308.1,3740.34
1588088195,7225.45,3853.44
1592027518,3828.7,5331.23
1592027522,3821.49,5370.09
1592064280,4532.91,4168.63
1592064284,5625.06,5744.74
1592136089,7352.88,2620.35
1592136109,7268.88,4376.36
1594214784,7768.87,3612.35
1594214788,7236.07,3293.37
1594214797,7657.87,3394.35
1594214801,7833.88,3478.35
1605629276,1904.69,4917.79
1605629364,936.56,4591.05
1605629382,2118.69,4761.75
1605629462,1415.65,4739.01
1605629477,1994.66,4665.09
1605646952,1583.56,4130.36
1605646977,1036.17,3700.84
1605647023,1625.77,4041.87
1605647061,1030.48,3905.79
1606967757,1048.69,5379.83
1612688174,5100.43,3797.48
1613212227,4123.21,4568.82
1613212236,4082.62,4578.47
1621912299,6836.08,4659.22
1623257629,6549.26,3821.95
1647504605,5914.56,3191.96
1667842661,5924.24,2433.42
1669486645,3852.76,4810.6
1673536205,4411.03,1272.21
1673536222,4619.9,1383.18
1677703264,5589.9,3114.24
1677703303,5500.49,3002.35
1685306649,3516.95,1689.48
1685306650,3589.08,1728.97
1685306669,3871.11,1868.89
1685401927,3422.48,2107.37
1699698670,922.97,2578.65
1701347075,1007.23,4983.88
1701620285,3556.71,3552.76
1703857751,6229.38,3193.83
1727351004,923.42,1677.08
1761863805,3861.42,1182.09
1762715583,6934.47,1424.46
1772182829,2278.4,2572.21
1772228771,7666.27,2054.18
1801260560,4094.16,3885.32
1801260561,4260.72,4096.42
1810222135,6903.19,5644.5
1820676308,4805.4,2955.79
1821035843,4166.96,3449.92
1822055188,3999.14,3765.23
1822540148,6519.7,5589.18
1826354837,6002.47,4849.84
1832275456,5577.07,3595.41
1837119678,4666.96,1549.95
1838323753,977.48,1717.19
1838323759,964.26,1713.58
1850773136,5677.41,4900.06
1870942094,7166.83,5811.66
1873900667,5521.91,5525.38
187977745#0-AddedOnRampNode,2440.26,4821.06
1906476090,4934.96,3586.46
1911930952,7017.2,3591.0
1911930957,6974.78,3616.83
1914269560,6173.75,2191.95
1914277251,6096.3,2406.7
1928166925,2827.59,5148.83
1946220905,6287.56,3552.22
1947591826,7168.99,5574.07
1947591832,7149.99,5661.97
1983147608,4943.55,4660.05
1985900122,1123.48,2417.58
1986114285,2432.74,4692.27
1999205832,3847.69,3644.08
1999205833,3955.72,3668.51
1999217108,4082.13,3797.42
2002201332,6388.78,3746.55
2027440548,7237.37,2764.92
2038386672,6997.22,5865.05
2067978508,2413.17,4688.53
2090596137,6190.44,3819.18
2099065320,1953.34,4256.68
2103068296,7981.53,4881.08
2103068306,8100.73,4663.03
2105727179,3492.99,4431.16
2113349480,2672.63,4283.98
2120142957,3932.15,4252.2
2125413348,2468.37,3717.59
21305996,8129.59,4519.79
21305997,8005.46,4462.37
21305998,7726.39,4351.86
2140181671,2357.41,4600.07
2144935899,7979.89,2329.59
2144936033,8070.12,2490.63
21456881,7156.3,4106.75
21456887,5926.87,3525.06
21456894,5897.71,3462.76
2160064016,7161.35,2813.07
2190611546,5854.72,2511.99
2220284425,2721.11,1352.25
2243680788,6167.25,5783.6
2256342789,8125.24,4910.3
2256349210,8062.51,3974.06
2256351534,7070.87,4455.82
2256352486,7040.69,4344.61
225757572#0-AddedOnRampNode,7641.05,5675.39
225757572#1-AddedOnRampNode,6826.64,5771.09
2261910377,6034.04,4826.24
2276974582,3737.74,2326.55
2296395497,7890.45,1341.79
2341508003,2227.23,2376.64
2372876949,3844.64,5241.64
2408401455,4153.54,1351.17
2445342292,1661.23,2274.23
2445343076,2303.95,2125.64
2445880917,741.07,2019.17
24486492,8264.34,3671.51
24486661,7706.23,5599.74
24486675,6688.38,5711.64
24486683,6284.21,5808.8
24486685,6192.07,5841.86
2451243512,4290.91,5411.42
2452418977,3989.15,1558.51
2455621140,2322.38,2023.95
2458464742,2005.17,2740.23
2458465705,2213.04,2679.9
2466643837,1554.88,1909.83
250197359,3816.92,4897.73
250197361,3499.41,5368.14
250197364,3173.71,5767.03
250197369,3838.36,5278.12
250197371,3586.59,5231.87
250197374,3855.79,5188.0
250197376,3645.05,5144.41
250197378,3875.36,5093.61
250197384,3729.7,5335.0
250197386,3778.37,5076.33
250197390,3761.79,5168.9
250197393,3744.13,5260.18
250197397,3628.06,5351.48
250197400,3648.18,5242.15
250197402,3668.11,5151.81
250197404,3519.15,5059.52
250197407,3533.77,5198.56
250197410,3447.22,5343.1
250197418,3910.47,4912.71
250197421,3892.46,5004.96
250197440,3796.79,4985.89
250197456,4091.11,5417.89
250197463,3917.3,5387.67
250197466,4008.0,4930.16
250197467,3936.04,5296.63
250197468,3953.85,5205.82
250197469,3990.12,5023.89
250197470,4163.0,5056.92
250197471,4127.03,5237.14
250197472,4181.18,4963.74
250197473,4195.78,4896.01
250197476,4388.45,5167.24
250197477,4294.72,5014.58
250197479,4376.13,4919.33
250197480,3972.92,5112.82
250197481,4145.84,5147.86
250197485,3659.68,4817.81
250197486,4067.22,5549.25
250197487,3686.52,5040.95
250197490,3649.0,4926.73
250931931,3442.56,5437.04
250931944,2582.34,4520.16
250931958,3566.99,4651.31
250931959,3702.83,4729.88
250931960,3932.01,4821.35
251576067,2997.1,4306.22
251576068,3161.21,4404.24
251576069,3244.93,4455.12
251576071,2915.78,4444.31
251576074,3054.04,4400.91
251576075,3166.63,4580.9
251576076,3245.25,4637.44
252828856,4281.73,4886.78
252828857,4520.97,5008.1
252828858,4610.61,5078.63
252828860,4027.88,4838.9
252828861,4102.47,4854.03
252828862,4115.59,4783.32
252828863,3966.38,4647.86
252828918,4090.87,4529.35
252828919,4063.96,4668.68
252828920,4715.37,5375.51
252828921,4480.58,5240.95
252828922,4417.49,5206.81
252828923,4361.37,5187.47
253114349,3799.96,5501.98
253114350,4176.79,5575.58
253114351,4438.7,5742.5
253114354,3900.52,5519.29
253114356,3933.02,5607.76
253114357,3905.93,5697.31
253114363,4239.0,5499.2
253114364,4359.0,5693.74
253114365,4124.67,5700.28
253114366,4089.79,5788.37
253262184,3379.36,5515.13
253262185,3767.75,5708.45
253262186,3553.72,5604.19
253262187,3607.21,5518.47
253262188,3323.55,5581.96
253262190,3164.45,5454.11
253262191,2989.07,5669.36
253262192,3081.89,5716.26
253262193,3138.48,5647.34
2542647858,1468.79,1548.96
255942725,4197.5,4277.74
255942727,4982.03,5102.57
255942728,4805.94,5005.01
255942729,4103.94,4351.71
255942730,4373.96,4691.73
255942731,4345.59,4725.46
255942732,4452.14,4599.16
255942735,4260.73,4357.63
255942741,4861.22,4022.62
256993281,4258.4,4547.6
256993282,4352.23,4472.81
256993283,4477.43,4373.09
256993285,4388.21,4258.86
256993286,4555.45,4472.72
256993287,4753.12,4723.59
256993288,4648.6,4851.11
256993289,4845.87,4610.85
256993290,4585.64,4286.51
256993299,4032.66,4455.95
256993301,3887.14,5812.33
256993302,3760.21,5754.5
256993424,4905.5,4126.42
256993773,3789.83,5568.55
256993774,3897.01,5619.24
256993822,4720.66,4944.67
256993922,4699.7,5137.26
2570295552,988.94,3957.99
2586266852,6915.56,4961.67
260316102,4891.16,4093.02
260316103,4674.85,4484.32
260316108,6039.34,5718.75
2614090263,2641.64,5189.29
2641132493,5901.72,1434.63
267232978,2882.02,6309.66
2713425617,2980.18,5681.97
2716390825,3247.34,5520.77
2734621771,6192.19,5226.34
2753073648,6387.66,3814.82
2753084568,6759.52,3920.86
279068741,3698.31,1108.76
279068742,4682.17,1623.64
279068744,5392.36,2118.51
279396675,1980.02,5859.02
280645603,4777.7,5301.3
280645611,5174.14,5456.44
280645641,6605.18,3921.89
280645645,6597.58,3938.38
280645659,6426.33,4268.67
280645715,6024.59,4834.31
280645738,5760.74,5070.47
280645744,5508.5,4945.58
282723550,1508.67,3770.61
282723551,1548.32,3694.17
282723555,1601.46,3814.53
282723577,1455.38,3646.46
282723579,1590.53,3477.68
282723581,1687.17,3660.14
282723584,1688.03,3668.84
282723631,1934.27,3941.13
282723632,1802.91,4100.67
282723634,2104.66,3726.45
282723635,1873.01,4014.04
282723661,1755.54,3927.9
282741811,1783.8,3569.77
282813661,2096.65,4390.46
282813667,1980.57,4575.87
282813669,1988.98,4693.33
282813677,2077.4,4786.4
282813678,2028.69,4832.56
283263329,953.06,4221.37
283267192,1025.4,3202.86
283267193,984.26,3286.85
283267196,954.22,3317.1
283267199,899.52,3321.44
283267240,1221.97,3298.27
283267440,1436.01,3910.15
283361015,0.0,3849.86
283678984,6254.79,3684.58
283678986,6127.5,3921.59
283678987,6087.28,4009.94
283678999,4857.03,5203.46
286310790,7180.33,6115.97
286311090,3824.4,1845.16
286311094,3256.57,1548.06
286311097,2685.19,1339.37
287354790,6469.48,3091.28
287354791,6401.65,2985.52
287354792,6377.36,3005.17
287354793,6219.41,2805.14
287354799,5733.3,2823.82
287354800,5545.51,2964.14
287354802,5127.08,3378.29
287354804,4911.89,3610.38
287356560,3828.22,3079.3
287356564,5453.71,3521.02
287360585,2468.2,4391.83
287360610,2467.3,4370.21
290577234,5502.5,1683.74
290577237,5563.19,1698.04
290577275,6331.76,1890.52
290580949,2703.26,5506.44
292190541,7842.62,1386.56
292190553,7771.19,1579.85
292190555,7618.59,1702.42
292190560,6326.18,2720.63
292190566,5607.37,1851.99
292190571,5522.12,1732.71
292190572,5467.49,1650.34
292190577,5328.76,1760.94
292190585,2186.69,2765.84
292190605,2547.07,4007.77
292190614,2339.71,4469.64
292443705,2465.45,3940.7
292443707,1411.02,3922.71
293302280,3947.68,4345.38
293302282,5856.21,3355.98
293458860,2595.01,1296.65
293458913,1751.7,1402.5
293458965,2114.85,1126.81
293458971,2124.84,1593.91
293459037,2204.28,1547.63
293459039,1817.69,2020.05
293459040,1877.02,1867.05
293459053,1442.12,1703.75
293459054,1754.12,2152.11
293459056,1810.28,2205.45
293459059,1813.51,2305.07
293459066,1682.97,2825.7
293459068,1471.28,3032.41
293459077,1044.49,2967.5
293459086,910.54,2640.82
293459105,1491.16,2188.51
293815250,1104.4,3127.86
293815251,923.44,2428.87
293815255,1139.89,2552.94
293815259,1304.05,2588.66
293815289,3099.4,1473.23
293815292,3170.82,1100.57
293911678,6414.76,3758.45
293911791,6182.94,4235.83
293911983,6148.79,3231.04
293911986,6327.97,3621.69
293956352,4994.72,3317.94
293956353,5226.78,3447.42
293956355,3589.22,2078.42
293956356,3547.5,2114.59
293956367,2907.7,1974.57
293956368,3929.87,2401.08
293956373,3641.31,2153.05
293956384,3203.23,1986.94
293956396,2976.29,2064.01
293956398,2920.15,2022.53
293956420,3101.25,2126.97
293956423,3249.08,1921.43
293956442,3642.46,1755.41
293956447,3588.95,1801.98
293956462,3385.32,1801.78
293956505,3486.39,1868.69
293956512,3462.87,1865.5
293956522,3669.84,1723.37
293956526,3655.33,1581.94
293956528,3693.09,1500.51
293956530,3741.85,1448.21
293956532,3566.2,1584.11
293956541,3630.28,1458.58
293956561,3671.48,1629.07
293956572,3692.8,1352.55
293956605,3663.8,1338.52
294264112,1187.73,4066.61
294269482,935.3,3917.41
294269553,882.43,3863.53
294269657,1160.47,3686.01
294269662,1135.71,3612.63
294269673,1016.02,3603.11
294269692,989.24,3614.47
294269724,1057.53,3709.8
294269746,947.61,3773.61
294269776,1050.87,3891.33
294298844,3678.23,4023.97
294298849,3524.62,3896.08
294298864,3237.74,4276.91
294298869,2832.88,4036.39
294311865,1263.93,4064.57
294311965,1385.56,3950.19
294312018,1171.1,4116.51
294312021,1101.62,4220.16
294312022,1115.94,4311.35
294312026,1192.1,4374.09
294312055,1405.88,4193.22
294312066,1373.31,4119.8
294312075,1305.12,4048.22
294312175,1253.46,4260.36
294312222,1216.55,4229.99
294312233,1202.11,4217.23
294312295,1534.79,4019.3
294312341,1610.35,4026.96
294320062,857.61,4370.12
294320166,1304.78,4602.74
294320262,1530.51,4476.59
294320264,1718.69,4204.61
294320267,1659.51,4278.01
294320272,1583.97,4369.5
294320312,1705.44,4453.1
294320336,1542.03,4216.84
294320347,1527.86,4199.92
294320377,1603.03,4139.25
294320425,1540.04,4691.54
294320454,1432.83,4718.5
294320485,1532.07,4728.24
294320525,1663.15,4889.29
294320543,1863.21,4803.47
294320554,1973.78,4800.11
294320588,1898.32,4933.98
295144342,3492.17,1257.52
295144352,3417.29,1306.58
295144384,3229.43,1360.42
295144385,3143.74,1345.3
295144387,3027.99,1571.82
295144412,2694.53,1551.75
295144425,2553.34,1762.54
295144439,2467.38,1840.43
295144453,2863.55,1844.92
295144455,2676.47,1832.58
295144461,2280.81,2240.99
295144478,2347.68,2195.74
295144525,2381.67,2057.11
295144542,2333.49,2019.19
295144554,2500.98,2069.63
295144577,2313.61,2145.79
295144588,1422.99,2143.39
295144589,1387.15,2233.45
295144600,1304.76,2291.01
295144602,1189.0,2170.46
295144606,1080.37,2193.27
295144616,981.93,2112.0
295144647,756.84,2030.65
295144682,1047.65,1752.77
295144774,2095.09,2966.74
295144792,2128.08,3100.97
295144805,2156.49,3115.99
295144808,1768.83,2984.17
295144812,1653.09,3269.99
295144816,1794.06,3347.12
295144826,1688.8,3290.94
295144827,1612.21,3247.08
295144828,1597.13,3275.33
295144843,1582.84,3290.55
295144850,4375.91,3347.64
295144861,4046.28,3825.01
295144863,5550.5,1924.29
295144913,6311.66,1911.97
295144916,5586.1,2169.41
295175057,1425.46,5107.83
295175063,1366.71,5041.62
295175064,1341.76,4983.97
295175071,1245.54,4984.6
295175077,1061.39,5083.2
295175079,1024.26,5118.33
295175094,951.19,5274.92
295175169,1423.53,4906.73
295175184,1432.46,4881.55
295175192,1216.33,4867.2
295406624,3183.19,2556.32
295406626,3248.04,2584.64
295406642,3349.98,2587.16
295406648,3476.83,2583.38
295406662,3890.49,2753.26
295406663,4980.95,3645.09
295406694,5287.32,3594.16
295406696,6559.85,3030.54
295406697,6631.16,3129.29
295406701,5043.65,2497.1
295406702,4980.04,2574.16
295406705,4913.95,2649.52
295406714,4722.8,2557.0
295406719,4455.69,2424.51
295406720,4413.54,2477.91
295406722,3943.11,2259.74
295699007,4935.2,4503.06
295699025,5731.41,3951.42
295699026,5772.16,3862.12
295699028,5812.47,3774.75
295699950,6442.75,3380.71
295699952,6373.1,3406.92
295699964,5873.02,4017.83
295699979,5546.9,4195.47
295700158,5182.21,3907.93
295700159,5218.1,3987.77
295701305,5341.35,3877.09
295701309,5287.85,3758.76
295701315,5426.22,3810.6
295701329,5197.04,3939.2
295704951,6714.65,3775.55
295704964,6928.51,3650.47
295704979,6986.51,3750.46
295704980,6905.64,3988.67
295704998,7053.05,3862.35
296018207,4200.39,4019.43
296180936,2279.68,4525.25
296180940,1905.66,4584.58
296180964,1939.95,4685.84
296180970,1922.35,4681.05
296180981,2118.29,4764.82
296266991,1912.52,4214.28
296266992,1861.56,4264.1
296267003,1808.46,4247.82
296267014,2025.82,4331.62
296267023,1936.7,4345.07
296267037,1936.65,4323.26
296267066,1778.66,4941.89
296267076,1793.14,4949.2
296267126,1882.69,4439.51
296267145,1749.52,4046.8
296267149,1687.76,4105.75
296267159,1666.21,4109.2
296501314,2038.05,3810.91
296501324,2098.29,3858.03
296501357,1955.27,4162.09
296501365,2080.85,4006.29
296501371,2164.45,4073.38
296501392,2172.58,4098.45
296501518,2163.97,3896.96
296501590,2150.99,3886.43
297024074,7171.23,4046.53
297024077,6765.27,3363.49
297024081,6696.47,3244.22
297024084,6441.94,3771.28
297024108,6852.05,3516.23
297024109,6602.34,3662.79
297024110,6632.63,3726.22
297024112,6555.16,3690.35
297024118,6413.47,3565.4
297322540,2396.74,3579.56
297322733,2335.58,3520.03
297322735,2278.47,3458.48
297322748,2074.49,3532.25
297322754,1992.69,3551.15
297322762,1998.29,3465.29
297322764,1998.44,3459.92
297322803,2234.21,3504.56
297322808,2212.56,3505.09
297322814,1924.11,3637.87
297322824,1699.71,3197.3
297322828,1763.46,3231.98
297322842,1780.44,3235.33
297322888,1749.97,3114.94
297322900,2141.58,2698.24
297322935,2095.43,2699.64
297322943,2087.67,2688.87
297322950,1973.95,2594.32
297322980,1990.34,2733.28
297323012,2006.8,2625.36
297323020,2021.41,2632.78
297323175,2016.97,3107.97
297323178,1955.71,3150.87
297323185,1940.43,3169.21
297323209,2044.51,3212.44
297323215,2129.52,3223.67
297323232,2154.08,3246.19
297323240,1980.15,3331.79
297323244,2070.52,3358.29
297323250,2102.88,3356.67
297323261,1902.72,3267.62
297323267,1877.13,3254.41
297338222,1073.39,3046.27
297338245,985.82,3088.36
297338265,966.35,3098.29
297338288,1310.6,3214.93
297794499,2688.59,6215.4
297794517,2910.83,6037.95
297794521,3087.0,6130.79
297794591,3258.65,5810.47
298025682,1582.63,5082.6
298025687,1516.24,4952.4
298025694,1533.41,4939.43
298025699,1625.46,5003.34
298025704,1637.23,4985.23
298505224,5953.73,3175.98
298509028,5779.45,3255.78
298509039,6477.08,2925.52
298509040,6528.32,3184.92
298510750,6883.61,2530.56
298510752,6740.82,2646.26
298510754,6649.36,2718.86
298510756,6444.51,2881.91
298511021,6779.14,2370.07
298511554,6823.4,2750.81
298511555,6621.06,2493.52
298513376,6528.53,2564.6
298513378,6439.39,2633.6
298513389,6526.09,2988.46
298584825,6141.4,3501.04
298584827,6114.57,3553.06
298584836,6281.57,3300.72
298584837,6334.8,3412.96
298584852,6067.59,3452.86
298584871,6382.92,3257.14
298584872,6511.08,3507.95
298584875,6874.41,3302.72
298584876,6808.84,3186.61
298584878,6948.0,3117.91
298584879,7005.47,3220.83
298584885,6591.15,3300.82
298584886,6658.47,3422.89
298584892,7083.46,3034.16
298584893,6914.78,3055.31
298584894,7045.16,2975.2
298584896,7168.43,2980.97
298584897,7090.9,2858.42
298584936,7344.78,3012.12
298584984,7199.72,2788.53
298585000,7451.4,2947.72
298585001,7307.8,2718.95
298825558,6475.14,1628.33
298825562,6762.12,1772.85
298825565,7031.63,2170.26
298826269,6419.37,1921.21
298826273,6525.84,1929.26
298826279,6607.41,1964.04
299022624,1435.78,3081.35
299022625,1515.8,3000.74
299022634,1581.38,3049.32
299022645,1599.65,3056.13
299022670,1738.73,2743.97
299022671,1734.0,2568.17
299022674,1788.51,2536.68
299022677,1818.63,2477.03
299022692,1835.13,2458.17
299022707,1902.08,2513.4
299022715,1919.14,2503.57
299022720,1627.57,2889.97
299027461,5582.48,5482.73
299027477,5802.94,5360.81
299027480,5965.56,5442.64
299027481,5995.05,5456.38
299027491,5868.2,5575.75
299045451,7937.62,4086.16
299045489,6519.84,4104.44
299045492,6795.46,4231.93
299045502,6744.82,4341.98
299045505,7062.66,4490.0
299045509,7091.81,4369.12
299045511,7018.86,4883.95
299045530,6212.44,4604.9
299045532,5999.73,4491.78
299045540,5519.51,4229.11
299045545,5335.62,4130.76
299045559,3796.5,4010.58
299045561,3736.71,3952.74
299045563,3660.36,3887.29
299045565,3600.45,3960.09
299045585,3488.53,4101.1
299045587,3408.21,4036.43
299045594,2823.57,3690.61
299045598,2738.1,3877.55
299089229,7631.7,5649.3
299089235,7862.46,5172.24
299089256,7692.17,4703.2
299134024,2899.26,2288.63
299134025,2804.46,2247.92
299134026,2728.26,2216.35
299134041,2495.63,2430.77
299183801,792.28,5269.47
299184002,911.35,4782.61
299276338,6092.39,1421.3
299276339,6035.87,1495.52
299276344,5965.59,1596.24
299276352,5869.69,1759.94
299276360,5698.74,1792.98
299276361,5112.97,1385.22
299276374,5533.73,1223.77
299292021,4164.79,4620.43
299391259,6999.92,5656.42
300153147,8048.64,3941.87
300186055,7819.87,2852.35
300190242,7761.89,2757.62
300190245,7609.55,2522.72
300707088,3772.19,1904.01
300707133,3650.82,2024.24
300707171,2415.45,2420.16
300707174,2426.81,2398.5
300707187,2352.34,2566.97
300707191,2297.87,2577.02
300707211,2597.39,2688.66
300707222,2634.71,2700.86
301490890,1073.75,1698.52
301490899,1246.73,1698.11
301490902,1304.92,1632.36
301490903,1364.05,1575.01
301490904,1311.07,1518.37
301490905,1370.65,1462.83
301490906,1447.81,1530.24
301490917,1558.05,1914.35
301490923,1653.33,1634.28
301490930,1729.48,1693.69
301490931,1803.04,1751.14
301490941,2591.87,1640.42
301490943,2522.64,1598.51
301490944,2487.81,1520.07
301490951,2200.78,1436.06
301490957,2250.04,1625.9
301490962,2223.84,1644.14
302464754,4009.19,835.63
302464763,4717.97,1525.76
30255438,5295.18,2647.05
30255443,4800.96,2377.62
30255446,4580.38,2267.96
30255449,4312.69,2083.96
302857856,3124.79,4095.88
302857858,3289.1,4192.93
302857860,3322.98,4327.37
302857870,3896.68,4417.61
302857874,4134.0,4197.06
302857875,4073.23,4119.9
302857880,3876.09,3864.96
302857881,3836.81,3830.72
302857898,3268.8,3921.83
302857899,3075.02,4178.78
306013063,3434.97,2887.03
306013066,3503.27,2787.21
306013067,3541.69,2704.64
306013069,3578.47,2623.3
306013084,4596.74,2566.27
306013087,4699.96,2618.76
306013088,4517.46,2347.41
306013090,4757.89,2465.32
306013092,4868.58,2702.47
306013118,5166.92,2868.14
306013433,7826.82,1660.3
306013441,7700.05,1390.37
306013442,8137.23,2109.41
306013455,5417.14,1703.82
306013501,4018.07,1388.03
306201538,3758.32,3768.98
306201562,4080.95,3203.58
306201582,4254.16,3493.12
306201589,4297.67,3514.35
306201596,4337.84,3429.18
306201745,5205.04,3412.39
306201754,5365.43,3121.35
306201777,4934.84,1828.42
30786262-AddedOffRampNode,5989.21,5890.88
308232155,3954.41,4214.17
308232159,4015.61,4291.03
308232164,3582.93,3823.91
308232165,3443.75,3712.7
308232169,3386.13,3784.98
308232171,3110.88,3908.53
308232185,3211.27,4147.14
308232186,3160.32,4230.75
308232187,3084.28,4357.26
309711607,5565.82,3875.86
309711608,5607.45,3785.54
309711609,5646.87,3699.55
309711617,6027.49,3742.12
309711618,5860.35,3664.78
309711623,6595.62,4673.88
309711626,6271.38,4522.77
309711627,6046.0,4417.09
309711629,5736.73,4270.53
309711631,5977.57,3851.01
309711632,5937.29,3938.08
309711633,4165.93,3244.14
309711634,4083.69,3410.45
309711636,3564.53,4163.27
310717070,8023.69,4904.47
310717107,8092.69,5070.43
310717122,8151.25,5012.39
310717145,8050.5,4894.04
310717148,7967.83,4853.44
310717154,8027.04,4127.46
310717201,8035.46,4152.53
310717268,6260.28,4095.12
310718855,3738.45,4679.89
3144328380,2078.02,2391.39
3144328382,2067.67,2398.42
3144328383,2146.96,2601.25
3241611539,6290.1,2749.63
328227860,3498.54,1503.07
328346645,2057.81,1417.69
328346710,2055.71,1374.77
328346878,2004.09,1627.39
328347026,1974.46,1498.66
328347123,1955.98,1483.71
328347159,1782.25,1304.87
328347183,1867.83,1394.47
328347209,1870.16,1420.31
328347615,2185.46,1405.28
328347697,2174.14,1383.21
328348027,1802.44,2189.75
328348214,1886.0,2334.96
328348395,1930.26,2253.4
328348571,1896.89,2235.32
328348735,1987.54,2427.3
328348813,2004.11,2425.39
328348878,1795.17,2342.78
328348914,1670.57,2270.82
328349053,1758.19,2414.56
328349083,1754.28,2608.51
328349815,1352.41,2643.04
328349888,994.7,2441.32
328349949,948.11,2326.93
328349970,1009.18,2249.99
328350274,1088.01,3087.42
328350306,996.26,2895.55
328350787,1148.33,3061.07
328350885,1195.33,2942.06
328351347,1059.48,3006.8
328351618,775.33,2996.53
328351901,1077.07,2841.11
328352005,1095.73,2846.89
328354238,1475.75,2054.43
328354337,1481.15,2039.09
328354473,1571.51,2081.75
328354585,1556.91,2090.81
328355015,1242.16,2229.38
329250345,1702.87,1404.3
329250481,1728.05,1403.12
329250962,1223.31,1480.33
329251090,1204.27,1762.4
329923235,1379.71,2322.44
329923257,1257.73,2387.84
329923258,1194.58,2356.46
329923305,1196.77,2350.45
329923308,1355.66,2081.92
329923312,1427.83,1930.99
329923351,1517.73,1843.16
329923424,1870.82,1820.0
329923481,1242.08,2113.41
329923483,1172.9,2057.76
329923506,1393.92,2004.29
329923508,1150.22,2084.23
329923517,1139.72,2097.1
329923537,1316.08,2177.32
329923547,1305.58,2163.79
329923559,1015.8,2118.1
329923585,927.04,2210.82
329923619,1044.16,2049.96
329923638,997.82,2006.34
329923749,893.51,1950.63
329923828,978.06,1897.08
329923903,1018.84,1815.18
329923907,2506.29,2074.28
329923939,2664.22,2334.79
329923974,2750.66,2375.23
329924001,2832.73,2416.03
329924062,3099.05,2450.75
329924120,2940.41,2423.37
329924198,3243.91,2637.31
329924219,3249.24,2663.29
330382360,1068.2,2503.87
330382364,1110.7,2432.71
330382409,1205.48,2664.36
330382418,1185.78,2666.69
330382425,1405.95,2724.24
330382471,1467.4,2768.65
330382472,1556.03,2831.16
330382478,1473.31,2901.8
330382486,1452.44,2902.1
330382520,4123.11,3117.36
330382521,4160.91,3041.26
330382522,4181.14,2999.4
330382524,4346.43,2989.09
330382526,4270.8,2937.82
330382527,4049.46,2835.65
330382539,4005.4,2807.29
330382540,4005.45,2814.82
330382611,4234.67,3179.06
330382612,4198.18,3260.13
331664429,3062.64,1541.72
331664433,3245.14,1644.24
331664439,3257.62,1670.05
331664523,3302.57,1294.64
331969122,6445.02,4714.5
331969125,6655.36,4966.85
331969126,6365.88,4950.38
331969127,6053.81,4801.63
331969254,6358.25,4673.72
331969334,6298.72,5334.83
331969396,6225.64,5147.66
331969397,6353.43,5210.88
331969416,6502.78,4882.4
331969417,6468.89,4865.29
331969423,6442.14,4853.49
331969465,5865.68,4945.17
331969537,6187.15,5246.55
331969548,6382.72,5523.58
331969552,6403.49,5530.07
331969654,5351.35,5614.45
331969691,6924.27,5792.76
331969760,8143.72,5312.46
332419193,5712.21,1406.72
332419211,5734.84,1488.52
332419216,5702.48,1534.44
332419225,5726.24,1582.33
332419229,5645.38,1742.72
332419679,4647.07,1593.06
332419680,4140.03,1824.21
332419684,5543.11,1697.61
333850655,6549.98,1665.96
333850659,6493.82,1774.59
333850662,6683.16,1871.26
334325517,3277.7,1810.18
334325580,846.79,4365.02
334325643,3268.83,1802.7
334325720,3567.09,1533.98
334325786,3065.36,1983.79
334325801,3181.44,2164.71
334325825,3563.94,2218.66
334325905,3502.56,2273.59
334325970,2243.57,2403.34
334325973,2287.08,2466.23
334325993,2294.02,2483.46
334623749,6250.69,1884.41
334623755,6288.14,1911.7
335034175,4111.13,1431.46
335034178,4010.82,1551.75
335034217,4159.76,1339.46
335034220,3922.58,1508.19
335034245,3905.2,1521.79
335820891,8189.32,2183.68
335820892,7995.85,2186.43
335820946,6554.63,4767.95
335820950,6088.78,3608.21
335820951,6235.23,3451.34
335820953,7967.58,2308.29
335952330,6641.65,1922.09
335957004,7193.89,2659.64
335958276,7134.16,2684.25
336984409,3501.46,4612.14
336984417,3715.5,4288.47
336984427,3823.13,4189.8
336984436,2727.68,3638.15
336984463,2595.07,3624.26
336984471,2656.68,3826.61
336984514,2557.43,3444.66
336984534,2544.31,3515.41
336984577,3387.0,3743.21
336984582,3478.69,3559.73
336984585,3467.08,3582.96
336984595,3374.03,3768.96
336984625,3022.5,3515.8
336984635,3696.65,3217.47
336984661,3544.19,3135.03
336984664,3503.42,3108.7
336984668,3577.86,2958.38
336984675,3433.91,3219.53
336984689,3077.04,4537.71
338449442,3352.51,3399.47
338449445,3466.02,3152.48
338449449,3387.82,3107.13
338449471,3161.53,2981.86
338449550,3395.77,3309.13
338449576,3133.34,3177.87
338449619,3106.22,3180.73
338449983,3234.55,3438.2
338450000,3061.46,3319.36
338450002,3038.62,3259.05
338450030,3032.0,3245.75
338450075,2974.75,3532.08
338450088,2961.42,3537.88
338450120,3621.25,3314.0
338450199,4381.46,3830.35
338450203,4630.83,4389.17
338450211,4512.17,4122.83
338450214,4407.87,3891.32
338450235,4221.61,3670.96
338450274,3673.15,3005.35
338450275,3652.62,3048.64
338450288,3641.83,3063.91
338450309,4246.69,3285.14
338450311,4207.52,3366.59
338450312,4125.97,3534.7
338450313,4166.02,3554.43
338450316,3966.86,3984.1
338450328,4527.48,3682.72
338450331,4365.13,3594.97
338450360,4505.96,3411.85
338450368,6006.92,1727.57
338450371,6024.72,1741.5
338450403,6030.36,1893.91
338450404,6031.2,1920.31
338450405,6018.94,1894.34
338450429,6040.97,1893.31
338450430,6066.6,2068.49
338450433,5956.92,1914.25
338450435,5996.03,2105.43
338450436,5875.64,1938.81
338450452,6013.92,1733.19
338450474,5723.54,1851.32
338450486,5523.09,1738.18
338450516,5212.77,2049.86
338450522,5329.02,2014.14
338450546,5142.94,1839.85
338450549,5008.59,1753.52
338450550,5004.01,1745.26
338450553,5004.0,1726.9
338450564,5279.94,1645.25
338450575,5280.81,1677.39
338450577,5054.06,1921.65
338450579,5044.09,4710.16
338450584,6219.86,5296.18
338450585,6173.5,5272.24
338450586,7002.96,5512.96
338450596,7314.96,5634.45
338450614,7598.1,5424.86
338450634,7406.47,4562.35
338450640,7768.36,5157.77
338450658,8367.9,5038.41
338450660,8041.07,4723.49
338450661,8056.53,4646.17
338450662,8054.64,4468.32
338450665,8122.23,3912.68
338450751,6994.53,5977.91
338450782,6263.67,5832.85
338849148,3408.5,4380.48
338849150,3578.51,4483.46
338849157,4553.26,1593.21
338849165,4565.0,1561.77
339204557,2725.3,3953.09
339204561,2862.81,3611.75
339204563,3050.13,3805.87
339271792,3807.24,4364.16
339271794,3640.48,4226.04
339271796,3417.95,4560.16
339271797,3013.78,3917.8
339271801,2772.52,3789.39
339271826,2686.07,3516.27
339271833,2648.34,3509.26
339271844,2620.85,3737.64
339271846,2668.53,3726.8
339271853,2688.56,3723.15
339271860,2624.38,3867.91
339271866,2621.12,3893.81
339271874,3338.06,3829.85
339271876,3427.15,3662.0
339271877,3123.25,3510.81
339271878,3118.1,3510.54
339271891,3563.08,3285.62
339271892,3533.39,3339.71
339271898,3518.39,3377.39
339271913,3748.76,3041.67
339271914,3818.63,2956.8
339271937,2929.37,2641.12
339271943,2798.03,2665.53
339271954,2830.28,2665.03
339573880,2465.81,4668.77
339573882,2303.21,4734.4
340085930,4212.71,3577.73
340085931,4347.19,3539.1
340085934,3454.14,3841.78
340085935,3338.77,3979.58
340085936,4332.79,4042.93
340085938,4067.16,4249.72
340085945,4101.79,4158.96
340085946,4013.2,4044.14
340085947,4140.51,3945.18
340085948,3794.33,4587.55
340085983,2805.59,4733.39
340085987,2507.95,4633.49
340086019,1613.6,5263.04
340086051,674.36,5998.22
340433707,5981.58,6186.8
340433753,5992.83,5794.55
340433767,5935.63,5673.11
340433794,4308.52,3935.6
340433834,6043.33,2869.79
340433857,6638.16,2895.87
340689482,5261.38,1701.97
342187415,2210.81,1673.46
34442227-AddedOnRampNode,6273.54,5784.05
344446974,7906.44,5194.05
344967216,4164.28,2016.49
344967237,4308.86,2201.61
344967249,4302.16,2220.74
344967255,4183.34,2363.64
344967276,4249.7,2281.35
344967278,4041.77,2180.65
344967304,4033.47,2165.95
344967313,4301.14,2422.46
344967316,4488.33,2190.38
344967326,5065.94,2079.0
344967328,5105.61,2105.21
344967365,5221.97,2289.18
344967379,5004.64,2146.33
344967385,4864.85,2062.06
344967390,4782.33,2164.58
344967393,4897.07,2269.28
344967396,5161.71,2359.83
344967413,4942.57,2218.31
344967416,5101.61,2430.18
344967438,4880.33,2289.42
344967441,4835.19,2213.83
344967444,4933.6,2100.72
344967446,5935.1,1684.0
344967466,6124.28,1806.59
344967475,6125.43,1770.01
344967481,6111.6,1664.88
344967484,6112.17,1631.61
344967492,6174.48,1477.62
344967495,6103.42,1796.78
344967583,4678.24,3496.64
345084666,4406.19,3536.0
345084675,4454.19,3476.53
345084677,4625.08,3563.82
345084681,4952.83,3481.46
345084713,3910.01,2582.31
345084759,4958.47,2899.07
345084761,6019.19,2300.9
345084775,5441.84,2354.75
345084778,5967.28,2228.75
345084797,5538.17,2231.69
345084800,5998.71,2271.66
345084862,6391.27,2100.92
345084895,6475.03,2002.72
345084898,6534.24,2052.21
345084900,5687.01,1664.44
345084903,5929.11,1447.89
345085049,4940.39,1561.67
345085051,4900.23,1554.1
345085054,5080.81,1370.36
345085066,5047.28,1424.77
345085081,5019.74,1445.81
345085090,4996.8,1491.91
345085110,4703.99,2116.8
345085180,5768.28,2166.76
345085226,5734.82,1976.92
345085231,5549.43,2160.29
345085235,5693.1,1976.34
3561667625,6155.03,3901.27
363709174,6578.1,5136.12
363709175,6392.46,5126.55
363709428,6578.26,5049.1
363709429,6431.16,5042.06
363711084,6574.93,4962.36
363711339,6565.4,5504.97
363714030,6667.2,5010.72
363714039,6664.34,4827.43
363716669,6795.04,5512.93
363716843,7009.21,5208.2
363717148,6803.39,5204.39
363719039,6849.73,5014.8
363719043,6796.01,4879.14
363720368,6925.84,4943.39
363728132,6864.08,4398.27
363730874,6949.85,4541.51
363730875,7039.25,4583.43
363731229,6890.63,4673.11
369887847,5263.7,5252.11
369888138,4738.8,4201.24
369888510,5471.66,4711.02
376045510,7194.48,3952.23
376114940,7745.98,3949.69
376115090,7669.85,3895.89
376115373,7593.06,3840.0
376115785,7516.82,3782.5
376116109,7355.07,4025.12
376116378,7289.13,4166.61
376117044,7377.34,4206.87
376117786,7466.99,4248.54
376117839,7555.42,4288.96
376119030,7643.81,4323.34
376119159,7732.93,4129.27
3780381657,4200.38,4872.05
3780382809,5899.92,3583.72
3780382810,5881.46,3614.89
3780395178,4324.51,4752.43
380044976,4630.88,6057.05
380045138,4987.73,6052.0
380059648,5664.62,4535.39
380059947,5801.17,4605.1
380059958,5921.75,4453.03
380060112,5849.97,4830.88
380060129,5432.81,4905.46
380060187,5522.27,4669.56
380060469,5594.81,4706.35
380060486,5683.04,4752.14
380063483,5774.84,4796.16
380063488,5929.09,4899.86
387526911,7492.5,1431.8
387552359,6450.28,3751.86
387553807,6073.92,4529.97
387944278,6133.39,4457.63
387944279,6354.29,4319.62
389902926,1705.64,2054.92
390111756,3815.14,4554.17
390608925,5978.13,4385.09
390961829,4489.17,1627.72
392323912,6957.57,2643.81
392323915,6947.15,2823.19
392323916,7836.14,4764.65
392323928,6874.47,2710.25
392900727,8195.24,4992.63
392900889,6528.57,5703.19
392901047,6374.8,5875.62
392901090,5981.63,6258.7
396314667,6997.97,5757.63
4080014764,6476.23,4435.48
4080014767,6521.48,4456.39
4080014768,6567.48,4477.66
4080014769,6367.89,4478.8
4080014770,6397.03,4492.35
4080014771,6612.14,4498.31
4080014772,6440.67,4512.63
4080014773,6664.89,4522.7
4080014774,6486.25,4533.81
4080014775,6532.94,4555.52
4080014776,6576.97,4575.98
4080014777,6629.58,4600.44
408430803,4047.05,4748.69
408435628,4883.91,4564.73
408435643,5014.38,4405.9
408435644,4824.43,4303.0
408435645,4750.64,4559.07
408435646,4916.8,4356.25
408435647,5166.0,4486.8
411648955,6791.32,5599.74
411648963,6300.82,4002.56
411929139,5916.0,4354.35
411929140,5845.79,4072.98
411929172,7254.33,3106.06
411932204,8239.39,3576.27
411932233,6062.6,4177.09
411932239,5983.1,4139.65
412684194,6789.66,5699.59
412684299,6285.11,4913.26
412684300,6270.64,5169.88
412684301,6903.49,5205.12
412684305,6662.81,5200.52
412684309,6655.13,5500.77
412684310,6571.18,5470.2
412689855,5632.19,5633.32
412689860,4940.01,5869.32
412689889,6846.76,5204.34
412689890,6468.76,4956.26
412689895,4612.56,2853.37
412689902,6639.08,1299.97
412689918,7648.38,4087.1
412859588,6559.55,3589.17
412859589,6813.41,3448.81
412862913,7081.76,2245.29
412935618,6879.7,2288.51
414478048,7362.15,3668.67
414872744,5675.55,5526.06
416184890,6474.87,2307.36
416185189,4651.89,5778.14
416185307,7914.87,4214.35
416185950,7734.61,1844.71
416186645,7837.86,3024.65
416186844,6251.87,2706.35
416187388,8055.88,3240.35
416190298,7920.22,3302.07
416191189,7532.87,2732.35
416191302,7135.22,3209.29
416191760,8215.87,3442.35
416194769,1325.86,4837.93
416194867,1030.43,4626.18
416196556,7862.87,2519.35
416200370,6295.62,2534.56
416200980,7700.83,3916.44
416201077,7805.88,3738.35
416201533,5351.08,5297.52
416201966,7040.09,4212.53
416203321,6335.87,2502.35
416204116,4482.62,5878.41
416204338,7086.98,3673.84
416204578,7193.88,5229.36
416206834,5878.87,2618.36
416208011,7146.32,5630.92
416208085,7660.46,2935.56
416208856,7121.17,3335.34
416208981,4595.87,5686.35
416210474,7070.82,5171.16
416210563,7640.87,3658.35
416211832,7376.73,1553.21
416214406,7288.88,5275.35
416215049,8057.88,3640.36
416215119,6214.38,1600.8
416215978,7853.86,3652.36
416217136,7798.12,2407.96
416217235,6917.96,1443.48
416218154,7542.28,3801.49
416218655,7465.66,3744.11
416219191,6360.87,1203.36
416219358,6857.87,1329.36
416219720,7726.26,3700.77
416219955,7440.96,3726.44
416222177,5557.29,4056.39
416223313,4383.86,3020.39
416224607,7793.55,3115.12
416225216,7591.39,1964.1
416226879,8011.89,3607.37
416231955,5432.85,5864.38
416232528,7037.88,3272.36
416232926,1973.56,5871.02
416235300,7550.41,3615.15
416235919,5820.23,5002.67
416236167,1309.44,4821.66
416237495,5956.87,2478.36
416239624,7036.74,1341.07
416239712,7969.87,3199.35
416240094,5337.93,2896.53
416243489,7884.15,3158.62
416243573,7404.85,2079.26
416244990,7127.24,1972.15
416245143,7064.87,3292.35
416246025,7992.65,3593.81
416246717,1082.25,4607.43
416247353,1078.23,4595.07
416250744,8002.87,2573.35
416256692,7982.94,3094.03
416257066,6318.87,1428.36
416257325,7620.77,3860.34
416257424,7511.88,2014.35
416259148,5314.2,5799.33
416259404,6311.88,1756.35
416260625,6437.57,2259.15
416261016,5077.2,5729.93
416261099,5865.23,1404.04
416262616,7085.88,1415.35
416264089,7703.08,3071.08
416265573,1844.66,5805.7
416265977,7133.88,1405.35
416266906,5294.71,5995.41
416267212,7143.87,5356.35
416268326,7621.87,5595.35
416268383,7680.87,5468.35
416269081,5527.46,5073.08
416269424,6717.07,1362.83
416269476,5146.91,4970.18
416269655,8076.97,3139.87
416270941,4070.05,4377.35
416271216,6379.87,2557.35
416272373,6560.65,2416.53
416276102,6127.69,2956.52
416277132,5067.71,5032.85
416277147,6092.87,2646.35
416277599,6353.46,1670.42
416279122,7536.34,1895.83
416279646,6086.8,1356.52
416280816,5306.38,4348.21
416281449,7929.72,2480.38
416285286,1281.81,4799.56
416285961,5605.87,3998.36
416286375,7612.64,3027.01
416287016,7531.87,2987.35
416287733,7746.79,2980.39
416288983,7927.64,3067.66
416289811,7047.02,3434.96
416289981,6679.87,2217.35
416291637,5550.14,3353.95
416294155,8005.54,3342.56
416294572,8100.87,3149.36
416294844,7645.19,2028.81
416294905,5331.53,5708.9
416295135,5363.1,4290.58
416295938,6244.87,1390.36
416297011,6005.67,5582.75
416297051,6331.59,3213.09
416297115,5409.87,4427.35
416299177,6508.87,2351.36
416299449,6671.88,1444.35
416299582,5735.88,4061.35
416299634,7044.53,3568.49
416300591,7747.88,3437.35
416301252,7365.07,2009.85
416302362,5707.47,4934.8
416303252,7877.53,2362.94
416304448,7460.87,2779.35
416305403,6032.87,2570.35
416305687,6426.87,1255.35
416305910,5226.17,4906.83
416306360,7143.02,3632.89
416307389,7683.87,3570.36
418988931,7227.83,3458.45
418988932,7232.87,3355.02
418988934,7241.87,3196.36
418988937,7236.38,3077.92
418988939,7536.2,3413.48
418988940,7500.99,3484.28
418988941,7459.46,3570.63
418988942,7566.79,3349.6
418988943,7603.68,3273.56
418988944,7513.63,3230.93
418988945,7422.82,3187.06
418988946,7783.96,3362.13
418988947,7871.29,3402.07
418988948,7957.12,3442.98
418988949,8144.88,3532.16
418988956,5268.11,1980.69
418988957,5200.28,1920.55
418988958,7319.37,4520.04
418988959,7360.81,4435.71
418988960,7108.25,4299.52
418988962,6847.02,4123.19
418988963,6570.04,3995.92
418988964,5645.35,2784.16
418988965,5712.68,2830.23
418988966,5434.25,2823.77
418988967,5495.48,2898.91
418988968,5268.52,3227.04
418988969,5234.52,2767.73
418988970,5247.25,2971.16
418988973,5799.49,2847.42
418988974,5876.56,2866.73
418988975,6102.37,3112.33
418988976,6021.64,3344.83
418988978,6497.48,3134.71
418991447,5679.49,3596.81
418991454,7120.71,4249.13
418991455,6351.34,3894.09
418992828,7127.66,4396.16
418992829,7083.23,4407.89
418995332,6301.83,2456.1
418995334,6730.12,3033.7
418996072,6560.8,2789.01
418996074,7301.13,3915.12
418996075,7387.0,3959.41
418996076,7474.65,4003.83
418996077,7561.56,4045.28
418996078,7855.42,4189.44
418996079,7217.93,3682.08
418996080,7385.04,3685.47
418996081,6632.45,3861.22
420326318,5909.53,5516.21
420326441,6023.02,5446.15
420326597,5281.76,4442.27
420326601,5070.53,4337.4
420326605,5447.63,4191.92
420326608,5588.16,4145.11
420326610,5728.85,4214.93
420326612,5821.04,4102.73
4211155936,3784.38,4779.37
421138189,7831.26,2283.14
421138214,5592.12,3023.1
421138218,6352.65,3270.43
421138233,6179.63,3473.0
421146123,7901.67,2895.06
421146126,7991.23,2937.77
421146128,8162.33,3021.49
421155707,7978.3,3740.73
421162254,7693.98,3317.29
421163789,6955.41,3367.9
4216578875,4066.96,4499.04
422347593,5915.05,2861.2
422347597,6020.89,2920.71
422348163,6170.78,3508.73
4250580079,7977.36,4038.54
429385249,6505.17,3719.21
4313418422,7579.14,2384.2
4318773469,7147.72,2707.21
4318773471,7406.19,2534.04
4318786921,6954.31,2834.51
438109755,6183.53,2759.75
442398939,6268.85,1525.13
442399958,6229.32,2586.98
442399959,5999.3,3155.7
442399962,5710.15,3171.17
442399963,6393.91,1587.39
442399964,6391.36,1797.36
442399965,6523.79,1530.97
442399966,5791.13,1511.74
442399967,6804.7,1432.92
442399968,6877.51,1491.47
442432391,7004.11,3890.47
442432394,6711.29,4729.18
442432398,6259.0,4272.33
442435096,5417.67,5406.18
442435097,5411.79,5518.9
442435098,5700.82,5158.71
442435099,5118.95,5643.21
442435100,5022.88,5811.91
442435101,5211.85,6135.21
442435102,5061.26,6305.28
442755833,1063.25,4471.24
442755834,1310.88,4701.94
442755836,6175.59,3083.43
442755843,7384.87,2668.35
442755844,7460.82,2620.21
442755846,7536.59,2896.25
442755847,7611.08,2851.26
442755851,7535.06,2572.33
442755852,5100.98,4300.88
442755853,5194.64,4194.54
442760425,7951.72,2117.37
442760426,8085.47,2036.82
442760427,7787.93,1910.9
442760429,7547.83,1760.98
442760431,7567.7,1634.07
442760432,7511.89,1512.31
442760433,7717.14,1469.82
442760434,7724.11,1508.07
442760435,7472.46,1337.86
442760436,7114.34,1506.19
442760437,7289.84,1160.07
442760443,7922.84,1800.82
442760444,7873.87,1730.41
442760454,6940.44,3782.89
442760456,7106.73,3478.67
442760457,8058.96,3800.86
442760458,8078.75,2686.19
442766018,3983.73,4390.7
443127177,6287.66,4640.14
443127178,6127.85,4837.08
443127179,6202.25,4873.22
443127180,7012.09,5138.56
443127183,6988.82,4456.14
443127184,7021.74,4714.33
443127185,6929.69,4881.81
443127186,6837.78,4789.7
443127187,6991.46,4322.52
443127188,7240.79,4957.08
443127189,7313.43,4982.36
443127190,7414.38,5016.99
443127191,7074.76,5528.11
443127192,7009.61,5292.05
443127193,6824.39,4482.05
443127194,6163.16,4471.14
443127195,4865.29,4931.98
443127196,4925.77,4858.4
443127197,4985.47,4785.86
443127198,5330.98,5165.76
443127199,5390.42,5091.65
443127200,5448.04,5019.37
443970618,5929.71,2714.79
4440816377,4664.79,2311.77
4442004884,1137.6,3911.3
4442004885,974.79,4164.96
444672672,7681.54,1779.15
444672692,1244.92,1366.92
445219810,4436.47,5960.89
4458644201,3763.93,4638.06
4487224450,3945.45,5717.53
4492572289,1796.96,2810.45
4492572290,1646.11,3026.58
4494532663,540.4,2250.57
4553256683,4347.92,1433.83
457749575,7111.11,2107.09
457749578,7184.89,2048.17
457749579,7313.84,2210.78
457749580,7234.92,2111.25
457749581,7285.59,2175.15
457749583,7324.22,1939.73
4612010942,5397.05,3682.79
4612010944,5276.94,3732.91
4612010954,4877.77,3911.1
4612132723,1880.2,5811.28
4616498255,3953.74,4711.79
4627621475,6677.69,4350.85
4627621476,6660.17,4390.86
4627621477,6637.55,4331.14
4627621478,6618.74,4371.22
4627621479,6712.54,4414.77
4627621480,6584.26,4356.23
4711821577,4111.93,1873.7
4711826490,4353.66,3392.62
4711835378,4534.21,1530.73
4711835382,4651.4,1608.67
4711856139,4656.53,1560.06
474770401,2775.62,5626.44
4781390282,3090.4,2951.3
4790263183,6135.89,3791.15
4803110849,6943.9,3460.95
481695373,2180.14,2683.49
481695379,2049.97,2346.8
481695382,1961.22,2183.5
481695396,2690.63,5487.32
481695408,2752.16,5550.23
481695414,3984.53,4315.45
4866124419,865.94,3125.32
4895169844,2244.78,2350.7
4895169845,2452.82,2223.97
4895174142,1979.8,2532.51
4907687400,3329.47,1583.61
492693266,3271.94,1901.15
499953662,5496.84,4026.19
499953663,5527.59,3959.37
499953664,5653.66,3915.12
499953666,5888.33,4250.28
499953667,5840.84,4212.56
499953671,5064.89,3685.54
499953675,5865.65,5649.79
499953678,5839.61,5688.24
5001639089,8182.27,4953.87
500375328,7921.65,2753.49
500375337,6000.92,3293.97
502840329,7009.57,5234.45
502840355,5545.88,5526.19
502840361,4953.56,4665.28
502855751,6191.55,3340.04
5033066040,4165.57,3685.53
517706745,2570.89,1393.38
517706844,1145.98,4054.81
517706894,5446.35,1795.09
517706895,6849.41,2091.16
517706896,6780.52,2134.87
5255035756,6634.33,5594.82
5255035757,6615.1,5677.56
533769751,387.17,5083.22
533769769,1235.94,5503.48
533769792,1997.57,5868.04
533847493,3016.45,3440.04
533847502,3210.58,3371.04
533847513,3184.64,3541.16
533847516,3142.87,3622.45
542897507,2963.79,3016.55
542938148,3720.55,5037.35
545312693,7003.87,3086.11
545312773,7191.24,3658.85
5562961578,3520.06,4731.22
5689341088,3389.81,5876.47
5824671919,6960.95,2814.54
6084895932,3354.51,4661.39
6091317342,3658.43,4827.41
6091317360,3677.96,4716.33
6091347617,3897.47,4603.73
613999354,6179.23,3649.74
6302226026,4207.67,3686.21
6541054300,4675.22,5425.13
6541054306,4764.17,5402.35
676441729,6187.11,2530.7
6835825381,6719.51,2968.29
6835825382,6667.63,2935.46
6835868985,6715.03,2981.8
6835868987,6724.55,3024.81
6835868989,6626.6,3001.75
6928676082,3287.61,4632.48
6952902963,3808.23,4909.41
7041183462,3884.4,5046.37
7086411992,4769.31,5311.65
7367755780,3098.29,3710.21
7369426378,7055.47,3546.53
7369497883,6790.07,3408.03
7463948896,3720.9,4471.17
751074985-AddedOnRampNode,2341.09,4588.75
7617097874,5290.32,2550.26
7742395185,4212.38,4583.9
7881859029,7088.81,2072.37
7935712602,661.65,6007.16
7978961180,6588.4,4550.75
8060737230,4123.66,5930.83
8098810933,5179.25,3343.78
8163580146,6280.08,2659.3
8163580147,6242.56,2607.04
8163580148,6254.01,2622.61
8163580152,6268.4,2642.79
8163580153,6379.9,2681.38
8189144851,6500.39,4148.39
8189158183,6533.99,4074.0
8189608931,6339.24,3724.03
8189608957,6652.88,3822.19
8189608958,6861.57,3968.87
8189608959,6941.79,4005.52
8189608960,5979.08,4867.2
8189608961,5529.17,5374.03
8189608962,5378.42,5562.53
8189726929,7733.67,4718.03
8192887980,6149.58,3797.39
8195956655,2800.98,4185.84
8195956656,2840.84,4210.49
8195956657,2777.2,4125.71
8195956658,2710.95,4226.07
8241884467,5404.13,3291.55
8241893540,4986.02,2914.85
8241893609,4954.65,2759.47
8256400677,5183.67,2566.39
8256534784,5686.02,3140.92
8386062664,7370.67,5602.1
8401095378,7858.16,5183.59
8477238550,4798.34,4589.28
8492049429,6523.78,4333.41
8603157394,3736.59,5877.93
8616701655,6024.64,5592.16
8770896924,5929.52,6147.19
8881861575,5117.7,2018.61
8881878776,4268.94,3573.81
8881878777,4283.69,3543.32
8891800729,4516.03,1536.14
8905697073,7874.9,2512.39
8932491474,1023.57,4998.39
8947325195,7846.5,4259.9
8971292136,7314.94,1628.89
9125521177,7571.12,4539.18
9160868455,4219.1,3882.88
9267707208,5045.16,1352.77
9434062273,3344.35,5557.05
9442302167,3205.74,1523.86
9442302168,3933.87,1901.95
9442302169,4149.28,2009.63
9442302170,4731.82,2344.14
9442302171,4891.59,2422.14
9442302172,5226.35,2590.83
9442302173,5357.38,2726.23
9442302175,5729.85,3195.74
9442405983,7082.79,4071.22
9442405984,7262.99,4154.93
9442456743,7019.84,4817.43
9442456744,7017.35,4940.51
9442456745,7005.28,5436.04
9442456746,7001.79,5571.89
9442600117,5588.31,3603.95
9442600118,5023.67,3845.64
9442600119,4941.51,3882.61
9442600120,4861.63,3918.31
9442600121,4729.72,3976.2
9442600122,4577.5,4043.99
9442600123,4381.06,4142.07
9442600124,4121.53,4337.76
9442600125,4093.09,4359.92
9442600126,4060.85,4384.97
9442600127,3995.25,4506.95
9442600128,3963.53,4661.54
9442600129,3920.52,4875.03
9442600131,3784.91,5327.06
9442600163,4404.38,4106.16
9442600164,4599.61,4020.52
9442600165,4889.98,3889.37
9442600166,4978.22,3850.36
9442600167,5433.24,3654.47
9442600168,5964.4,3433.71
9442600169,6023.84,3350.37
9442600170,6094.28,3476.16
9442675964,3972.12,4375.96
9442675965,3829.04,4531.54
9442675967,3499.77,4736.07
9442675968,3656.89,4703.39
9442675970,4799.72,5179.23
9442675972,3849.94,5089.64
9442789560,4397.56,5811.29
9442789561,4653.37,5452.15
9442789562,4663.28,5439.89
9442789568,4812.02,5258.98
9442789569,5245.46,4891.69
9442789570,6090.01,4003.94
9442789571,6155.18,3854.68
9442789572,6196.75,3770.82
9442789573,6308.65,3634.35
9442789574,6799.04,3344.83
9442789575,6928.79,3268.74
9442789576,6963.58,3247.0
9442789577,7080.33,3174.37
9448986018,6583.91,3061.04
9448986019,6417.57,2846.72
9448986020,6379.18,2795.21
9448986021,6109.49,2424.41
9448986022,6102.26,2414.69
9448986023,5981.75,2248.47
9448986025,5659.3,1875.35
9448986030,6712.84,3272.91
9491076055,4536.91,4047.37
9491076056,4542.89,4059.58
9556765873,6070.09,3264.32
9556778321,5940.87,3319.62
9584102220,6811.78,3025.17
9584102221,7414.64,2649.49
9584102222,7508.49,2589.48
9584102223,7546.89,2564.45
9584102224,7818.99,2396.13
9584102225,7848.37,2379.47
9584102226,7921.74,2336.11
9584102227,7946.3,2321.2
9584102228,8111.51,2225.69
9584102237,7935.23,2220.29
9584102239,7715.45,2316.52
9584102240,7584.72,2399.28
9584102241,7447.41,2492.45
9584102242,7101.18,2739.01
9584102243,6785.3,2930.39
9584102244,6606.27,3010.35
9584102245,6512.98,3065.58
9584102246,6378.71,3129.27
9584102247,6051.35,3272.27
9584102248,5966.82,3308.51
9610108483,6844.97,3169.52
9695530873,3408.53,4692.87
9721605084,5968.7,2118.96
9721605085,6185.02,2004.29
9791424086,3315.3,2592.35
9907483911,8005.01,4116.89
993341018,6149.4,2531.52
9934577770,6678.68,1447.76
993665189,6990.2,2204.78
9936793088,5640.76,4799.23
cluster_10782939_340086040_533769764_533769766,1036.08,5397.38
cluster_11386320246_295406610,3076.63,2711.6
cluster_114197503_302857854,2904.28,3966.11
cluster_11970617681_1551209896,2339.18,4526.39
cluster_13130062297_13329700774_418993207_445219807_#1more,4534.26,5598.62
cluster_13329700753_340085933,4255.46,3600.27
cluster_1475177974_293956350_8241462469,5279.94,2612.86
cluster_1489279437_1489279440_1489279442_3241620189_#3more,7216.57,3579.58
cluster_15434372_4612010943_6091318476_6091318477,5334.32,3702.54
cluster_15434382_4674699479_4674699484_8893238440_#2more,8061.17,2262.63
cluster_1543766339_334325632,2898.51,1941.52
cluster_1551395091_5562961541,3169.83,4815.3
cluster_1573617449_4612010955_4614302186_4614303596,4673.04,3993.69
cluster_1575070783_4612010953_4614302185_6091318473,4954.97,3868.8
cluster_1575070792_4612010948_6091318468_6091318470,4818.87,3927.95
cluster_1575535670_1575535690_334326003_89228924,2097.35,2457.92
cluster_1592136105_4611993426_6835825384,6749.68,3061.54
cluster_1710899578_5562961547,3298.65,4814.46
cluster_1721795850_517706752,2578.0,1361.67
cluster_1944491020_481695415,3913.56,4247.93
cluster_21305999_310717158,7818.24,4238.69
cluster_2144935908_416273779,8037.78,2427.14
cluster_2306411109_420326577,6173.98,2512.15
cluster_2465719590_2465719595_293459038,1784.88,2086.14
cluster_2469488290_306013490,4458.75,1498.46
cluster_250197382_338849141_6389831235,3700.2,5066.66
cluster_251576066_2614057273_2614057276_2614057277_#5more,2752.97,4165.91
cluster_251576070_309711638,3329.57,4505.02
cluster_251817694_3144361905_4711821578_8891450375_#1more,4053.62,1978.88
cluster_255942734_4612010949_6091318466_6091318467,4492.78,4074.24
cluster_256993284_4612010951_4614303589_6091318462,4324.4,4178.01
cluster_256993752_481695401_533789219_533789220,2577.22,5206.52
cluster_260316116_340086006_481695404_481695407,2388.39,4705.49
cluster_261687171_4318791396_4611982702_6538855870,7516.72,2457.51
cluster_267812666_533789218,2514.43,5232.38
cluster_267812728_335616696,2022.72,5796.78
cluster_280645653_310717282,6474.91,4205.88
cluster_282813679_340086008,2075.52,4877.32
cluster_283267449_334325585,1227.08,3717.94
cluster_286306354_340086015,1795.72,5183.55
cluster_286311093_334325650_4907687396_4907687397,3411.51,1626.87
cluster_287356562_334325617,2322.61,2304.68
cluster_287356568_4614303593,5664.36,3564.65
cluster_290577261_541208434,5726.05,1893.94
cluster_290577265_541208444_8105157841,5904.41,2141.81
cluster_292190578_8881861579_8881861591,5131.02,1983.44
cluster_292190580_4711835381_4711856130_4711856131,4605.84,1575.88
cluster_292443711_334325581,1072.13,4018.12
cluster_293815262_334325599,1706.04,2942.43
cluster_294298830_340433787,3893.09,4276.2
cluster_295144473_481695380,2028.97,2270.44
cluster_295144813_334325596,1543.84,3208.2
cluster_295144862_339573894,3931.5,3712.8
cluster_295144875_295144877,5782.41,1971.71
cluster_295175045_340086020,1548.49,5244.1
cluster_295175096_533769763,919.09,5338.1
cluster_295406695_4612010940_4614302181_6091318478,5506.8,3631.69
cluster_295699948_442755845_8905696885,7382.46,2836.85
cluster_298513384_6835868988,6696.21,2971.6
cluster_298585004_4318773467_4611981573_4611982703,7249.12,2627.77
cluster_299045554_299045555_8637330184,3916.95,3917.6
cluster_299089253_392900721,7865.45,4791.25
cluster_300707134_300707139,2195.28,2704.16
cluster_302857895_336984590,3527.64,3596.73
cluster_306201556_339271925_339271926_340085904_#1more,3917.52,3530.85
cluster_306201559_340085876,4003.64,3361.11
cluster_308232139_339573893,3820.32,3689.43
cluster_308232170_339573892,3713.29,3663.3
cluster_309711635_338450163,3988.35,3603.11
cluster_334325593_84075613,1423.6,3395.71
cluster_334325602_82831071,1814.76,2765.98
cluster_334623747_334623751,6261.95,1904.81
cluster_336984543_340085925,3685.58,3368.67
cluster_338450190_340085892,4367.39,3802.28
cluster_338450310_340085901,4071.78,3645.65
cluster_338450314_412689899,4121.0,3669.36
cluster_338450317_7617097819,4267.6,3742.58
cluster_339271915_339271936,3616.62,3466.5
cluster_345084660_345084663,4581.35,3615.81
cluster_363717360_412684304,6902.69,5513.9
cluster_376119854_418996073_8190304826,7210.94,3864.03
cluster_392323913_4318773456_4611981570_6835868990,7036.92,2771.96
cluster_412689897_6302226011_6302226012,4199.62,3706.94
cluster_416197277_8905697076,7944.63,2476.78
cluster_418988971_442399961,5640.76,3084.88
cluster_420326593_420326614,5362.19,4386.01
cluster_5562961553_6928676075,3455.46,4766.58
